company_name,category_query,city,phone,email,website,address,google_place_id
Fast As Pho,restaurants,"Denver, CO",,,https://www.fastaspho.co/,"10161 W Bowles Ave, Littleton, CO 80127, USA",ChIJZ-C_HI1_a4cRiTuT3e04h-I
Hotpot Den,restaurants,"Denver, CO",(720) 826-2572,,https://www.hotpotden.com/,"5934 S Kipling Pkwy Ste E, Littleton, CO 80127, USA",ChIJDeSMjfl_a4cRKI6vAbbmiYc
Bad Daddy's Burger Bar,restaurants,"Denver, CO",(303) 904-9285,,https://www.baddaddysburgerbar.com/locations/bad-daddys-burger-bar-6,"8501 W Bowles Ave #2025, Littleton, CO 80123, USA",ChIJ00pJEBp_a4cRpVH6ghTx9wM
Food Court,restaurants,"Denver, CO",,,,"8501 W Bowles Ave, Littleton, CO 80123, USA",ChIJ0fYt4Ct_a4cRuGc5YBE4dUw
Stuboy's BBQ & Catering,restaurants,"Denver, CO",(303) 248-3176,,https://stuboysbbq.com/?utm_source=google,"6004 S Kipling Pkwy e, Littleton, CO 80127, USA",ChIJVZFXvfx_a4cRPZOvlCYc29I
Tacos Selene Littleton,restaurants,"Denver, CO",(303) 972-0905,,https://tacosselenecolorado.com/,"5924 S Kipling Pkwy, Littleton, CO 80123, USA",ChIJKRmi71B_a4cRdUZe3evbiIA
Modern Market Eatery - Littleton,restaurants,"Denver, CO",(720) 806-1724,,https://modernmarket.com/,"8501 W Bowles Ave #2030, Littleton, CO 80123, USA",ChIJC_mTHRp_a4cRO7Na5Jps6Ug
India Nepal Oven,restaurants,"Denver, CO",(303) 933-2829,,http://www.indianepalovenlittleton.com/?utm_source=gmb&utm_medium=website,"9126 W Bowles Ave Ste 1B, Littleton, CO 80123, USA",ChIJ2dkiYBh_a4cR3NUwO3PRu5g
Thai Bistro,restaurants,"Denver, CO",(720) 981-7600,,http://www.thaibistro.net/,"5924 S Kipling Pkwy, Littleton, CO 80127, USA",ChIJeSOAiCN_a4cRxpLqa9Y6xyI
Jin's Asian Bistro,restaurants,"Denver, CO",(303) 979-9599,,https://www.jinslittleton.com/,"8996 W Bowles Ave, Littleton, CO 80123, USA",ChIJx-mtFfN_a4cRIB1QKJmGq6c
The Lake House Kitchen & Tavern,restaurants,"Denver, CO",(720) 758-8880,,https://lakehousekt.com/?utm_source=google,"8026 W Bowles Ave, Littleton, CO 80123, USA",ChIJawI3jGB_a4cRA2h7F01raEs
Rice n Roll,restaurants,"Denver, CO",,,https://ricenroll1.durablesites.com/,"8501 W Bowles Ave, Littleton, CO 80123, USA",ChIJm7skf31_a4cRC5q46U8GgnM
Urban air cafe,restaurants,"Denver, CO",,,,"8196 W Bowles Ave, Columbine Valley, CO 80123, USA",ChIJ78NyHgB_a4cR-awAbNOg1hg
City Buffet,restaurants,"Denver, CO",(720) 541-6811,,https://cocitybuffet.com/,"5066 S Wadsworth Blvd Unit 123, Littleton, CO 80123, USA",ChIJL-vUJgB_a4cRg8jKeEjRCqk
Chili's Grill & Bar,restaurants,"Denver, CO",(303) 973-5863,,https://www.chilis.com/locations/us/colorado/littleton/southwest-plaza?utm_source=google&utm_medium=local&utm_campaign=Chilis,"8450 W Cross Dr, Littleton, CO 80123, USA",ChIJkVEvERB_a4cRWCE4pyHZZD4
Le Peep Bowles Crossing,restaurants,"Denver, CO",(303) 973-3202,,http://www.lepeep.com/,"8055 W Bowles Ave, Littleton, CO 80123, USA",ChIJQapG8wR_a4cRXoIAtJ5YQ74
First Watch,restaurants,"Denver, CO",(720) 571-1344,,http://www.firstwatch.com/locations/bowles/?utm_source=gbp-listing&utm_medium=organic&utm_campaign=gbp-listing&utm_content=bowles,"5866 S Wadsworth Blvd Ste 3700, Littleton, CO 80123, USA",ChIJrzUzv9V_a4cRot-59HLGF90
Mesa Latin Kitchen,restaurants,"Denver, CO",(720) 994-6401,,https://mesalatinkitchen.com/?utm_source=google,"8156 W Bowles Ave, Littleton, CO 80123, USA",ChIJSc69JXt_a4cR5mByhAIG2R8
Gunther Toody's Diner,restaurants,"Denver, CO",(303) 932-1957,,https://www.gunthertoodys.com/,"8266 W Bowles Ave, Littleton, CO 80123, USA",ChIJ_Y37tgR_a4cRrvUU3L4OLTc
LongHorn Steakhouse,restaurants,"Denver, CO",(303) 948-3111,,https://www.longhornsteakhouse.com/locations/co/littleton/littleton/5599?cmpid=br:lh_ag:ie_ch:loc_ca:LHGMB_sn:gmb_gt:littleton-co-5599_pl:locurl_rd:1519,"8285 W Bowles Ave, Littleton, CO 80123, USA",ChIJZzQ0891_a4cRKH_r6sM0mw0
3 Margaritas Lakewood,restaurants,"Denver, CO",(303) 948-1454,,https://lakewood.3margaritas.com/,"5130 S Wadsworth Blvd, Littleton, CO 80123, USA",ChIJLXpFq3J_a4cR6n3X2h8PrHE
Bonefish Grill,restaurants,"Denver, CO",(303) 948-3474,,https://locations.bonefishgrill.com/colorado/denver/8100-w.-crestline-avenue?y_source=1_MTU1MDI4MjUtNzE1LWxvY2F0aW9uLndlYnNpdGU%3D,"8100 W Crestline Ave, Denver, CO 80123, USA",ChIJucOZQg5_a4cRAnydqxoMQlA
Applebee's Grill + Bar,restaurants,"Denver, CO",(303) 933-2230,,https://restaurants.applebees.com/en-us/co/lakewood/5250-s.-wadsworth-blvd.-84030?utm_source=google&utm_medium=organic&utm_campaign=google_my_business&utm_term=84030&utm_content=website,"5250 S Wadsworth Blvd, Lakewood, CO 80123, USA",ChIJnfMffA1_a4cRg-zGVsMbWng
Via 313,restaurants,"Denver, CO",(720) 719-3313,,https://www.via313.com/,"5826 S Wadsworth Blvd #2400, Littleton, CO 80123, USA",ChIJecFniXh_a4cRjOMSwqFNZhc
Gyros & Grill,restaurants,"Denver, CO",(720) 642-7158,,http://gyrosandgrill.com/,"8501 W Bowles Ave Suite 1098, Littleton, CO 80123, USA",ChIJKQ8sdr9_a4cRe2bOcjz4N4A
Garbanzo,restaurants,"Denver, CO",(720) 949-0786,,https://restaurants.eatgarbanzo.com/co/littleton/5846-s-wadsworth/?utm_source=google&utm_medium=organic&utm_campaign=gmb,"5846 S Wadsworth Blvd, Littleton, CO 80123, USA",ChIJwSVSK0N_a4cRPlgPu1hZsng
Happy Pho,restaurants,"Denver, CO",(303) 972-6488,,https://happypholittleton.com/,"8100 W Crestline Ave Unit A9, Littleton, CO 80123, USA",ChIJJ3OeC8J_a4cRpLD1nWxscyY
MLB Ballpark Bites,restaurants,"Denver, CO",(888) 672-8352,,,"7733 W Long Dr, Littleton, CO 80123, USA",ChIJa6aITLF_a4cRfrwH5YtdWCE
M.C.'s Brooklyn Pizzeria,restaurants,"Denver, CO",(303) 763-8299,,http://www.mcbrooklynpizza.com/,"8086 W Bowles Ave, Littleton, CO 80123, USA",ChIJBdbudgR_a4cR8FlPGFoUGXU
The Cheesecake Factory,restaurants,"Denver, CO",(303) 948-3862,,https://locations.thecheesecakefactory.com/co/littleton-192.html?utm_source=Google&utm_medium=Maps&utm_campaign=Google+Places,"8501 W Bowles Ave Suite 2095, Littleton, CO 80123, USA",ChIJWbVOEBp_a4cRBMN9UaR2mJ0
Cafe Rio Fresh Modern Mexican,restaurants,"Denver, CO",(720) 779-1652,,https://www.caferio.com/locations/littleton,"5646 S Wadsworth Blvd, Littleton, CO 80123, USA",ChIJEdX9YgB_a4cR_BQ9vbgc-ho
MAD Greens - Littleton Southwest Plaza,restaurants,"Denver, CO",(720) 214-8028,,http://www.madgreens.com/,"8501 W Bowles Ave Suite 1095, Littleton, CO 80123, USA",ChIJ00pJEBp_a4cRlmuiC98M5Go
Tokyo Joe's - Southwest Plaza,restaurants,"Denver, CO",(303) 904-9201,,http://tokyojoes.com/,"Southwest Plaza, 8501 W Bowles Ave, Littleton, CO 80123, USA",ChIJpbF6pxl_a4cR3xqr2N3-OKk
Imperial Garden,restaurants,"Denver, CO",(303) 932-1286,,http://www.imperialgardenco.com/,"7735 W Long Dr #5, Littleton, CO 80123, USA",ChIJ3U8wOQd_a4cRloGgWA7CwkA
Teriyaki Madness,restaurants,"Denver, CO",(303) 955-6334,,https://teriyakimadness.com/locations/co-littleton/,"5866 S Wadsworth Blvd, Littleton, CO 80123, USA",ChIJnTaJX4V_a4cRg4FRzp7McNo
Fontana Sushi,restaurants,"Denver, CO",(303) 933-6788,,https://www.fontanacuisine.com/littleton/online.html,"8601 W Cross Dr #F4, Littleton, CO 80123, USA",ChIJSyvh1xB_a4cRG5fqg4lavEM
Red Robin Gourmet Burgers and Brews,restaurants,"Denver, CO",(303) 904-2055,,https://www.redrobin.com/locations/co/littleton/bowles-210,"7708 W Long Dr, Littleton, CO 80123, USA",ChIJUZC9xwZ_a4cRCTyPlVpqz0c
The Honey Baked Ham Company,restaurants,"Denver, CO",(303) 948-2128,,https://honeybaked.com/stores/707?utm_source=gmb&utm_medium=google&utm_campaign=honeybakedham_soci&utm_id=SOCi,"8086 W Bowles Ave Ste P, Littleton, CO 80123, USA",ChIJBdbudgR_a4cRuC0TC12_IA4
The Farmhouse Grill at Raccoon Creek,restaurants,"Denver, CO",(720) 287-8191,,https://www.raccooncreek.com/food_specials/,"7301 W Bowles Ave, Littleton, CO 80123, USA",ChIJW9C8zvx_a4cR4H8y0-hSBzA
Pardon My Cheesesteak,restaurants,"Denver, CO",(888) 444-0934,,https://pardonmycheesesteak.com/?e=1250118674,"7733 W Long Dr, Littleton, CO 80123, USA",ChIJrdEkKDt_a4cRa4iO3CIro_4
Olive Garden Italian Restaurant,restaurants,"Denver, CO",(303) 978-0444,,https://www.olivegarden.com/locations/co/littleton/littleton-southwest-plaza-mall/1242?cmpid=br:og_ag:ie_ch:loc_ca:OGGMB_sn:gmb_gt:littleton-co-1242_pl:locurl_rd:1181,"5380 S Wadsworth Blvd, Littleton, CO 80123, USA",ChIJR5BE9A1_a4cR53QJEmPxqGo
Pho Saigon Basil in Littleton on Bowles,restaurants,"Denver, CO",(720) 328-2183,,https://phosaigonbasil.com/phosaigonbasil-littletown?utm_source=google,"8055 W Bowles Ave Suite 2A-1, Littleton, CO 80123, USA",ChIJszQRWBZ_a4cRw2N_A877rYQ
Colore Italian Restaurant - Columbine (Littleton),restaurants,"Denver, CO",(720) 572-4442,,https://coloreitalian.com/columbine/,"5950 S Platte Canyon Rd # A1, Littleton, CO 80123, USA",ChIJQxIXJAB_a4cR1XVpQ03Mo8g
Walter's303 Pizzeria & Publik House | Bow Mar,restaurants,"Denver, CO",(303) 795-3030,,https://walters303.com/location/bow-mar/,"5194 S Lowell Blvd, Littleton, CO 80123, USA",ChIJ7RwiT9h_a4cRODJN7kTeyfE
Social Bar & Lounge,restaurants,"Denver, CO",(303) 248-3397,,http://www.socialbarlounge.com/,"3625 W Bowles Ave #9, Littleton, CO 80123, USA",ChIJ51GFKCZ_a4cR6TN1ZrOn3B8
Makizushico,restaurants,"Denver, CO",(720) 739-7777,,http://makizushico.com/,"5950 S Platte Canyon Rd D23, Littleton, CO 80123, USA",ChIJz8Av9-5_a4cRr8-V6ig9Gck
Chez Lizeth creperie,restaurants,"Denver, CO",(303) 862-5136,,https://chezlizethcreperie.com/,"5856 S Lowell Blvd #28, Littleton, CO 80123, USA",ChIJe9UemaV_a4cR8qwHZOXeGS4
Stone Creek Cafe,restaurants,"Denver, CO",(303) 798-1619,,http://stonecreek.cafe/,"5075 S Federal Blvd, Englewood, CO 80110, USA",ChIJqbCMLSSAbIcR9Eq0UHviK6w
Brad's Pit BBQ,restaurants,"Denver, CO",(303) 638-8647,,http://www.bradsbbq.com/,"5950 S Platte Canyon Rd Suite D 18, Littleton, CO 80123, USA",ChIJ4dlblPZ_a4cRNWgDJClzusk
4G's at Columbine,restaurants,"Denver, CO",(303) 730-4650,,,"5950 S Platte Canyon Rd, Littleton, CO 80123, USA",ChIJz_PKc2Z_a4cRurL1qgqd8Ak
Gambino's Restaurant,restaurants,"Denver, CO",(303) 974-5639,,https://gambinos-spaghetti.com/?utm_source=google,"3625 W Bowles Ave Unit 8, Littleton, CO 80123, USA",ChIJCzLjEuR_a4cRn1c7-Vda4vY
Centennial Grill,restaurants,"Denver, CO",(303) 794-5838,,https://www.ssprd.org/Centennial-Grill,"5800 S Federal Blvd, Littleton, CO 80123, USA",ChIJg2SaFAeBbIcRsVVaPFlhjCk
Olde Towne Tavern,restaurants,"Denver, CO",(303) 794-4329,,https://www.ottlittleton.com/,"2410 Main St, Littleton, CO 80120, USA",ChIJYTqpNTOAbIcROYw8t_rZQqA
Bacon Social House - Littleton,restaurants,"Denver, CO",(720) 399-6610,,http://www.baconsocialhouse.com/,"2100 W Littleton Blvd, Littleton, CO 80120, USA",ChIJa03w8DqBbIcRkGZ2hFUDsaw
ViewHouse,restaurants,"Denver, CO",(303) 797-4829,,https://www.viewhouse.com/,"2680 Main St, Littleton, CO 80120, USA",ChIJW_jruTKAbIcRplTOLtjXlR0
Bistro 36 Drinkery & Eatery,restaurants,"Denver, CO",(720) 510-9439,,https://www.bistro36eatery.com/,"2620 W Belleview Ave, Littleton, CO 80123, USA",ChIJIen8hWiBbIcReg6B_9o4Lt4
Cafe Terracotta,restaurants,"Denver, CO",(303) 794-6054,,http://www.cafe-terracotta.com/,"5649 S Curtice St, Littleton, CO 80120, USA",ChIJS1p27jKAbIcRhyVrpIoFBkw
Grande Station,restaurants,"Denver, CO",(303) 942-0662,,http://www.grandestation.com/,"2299 Main St, Littleton, CO 80120, USA",ChIJtbcvVjOAbIcRBWB0f_REROc
Black+Haus Tavern - Littleton,restaurants,"Denver, CO",(303) 862-5988,,https://www.blackhaustavern.com/,"2439 Main St, Littleton, CO 80120, USA",ChIJ0V1OFQCBbIcRWjw3gCE5XeU
Smokin Fins - Littleton,restaurants,"Denver, CO",(720) 808-1711,,https://www.smokinfinsrestaurant.com/,"2575 Main St, Littleton, CO 80120, USA",ChIJXWd_2TKAbIcRyrZDurIo2pI
The 49th Food & Spirits Littleton,restaurants,"Denver, CO",(303) 872-3978,,http://the49thdenver.com/,"5350 S Santa Fe Dr F Suite, Littleton, CO 80120, USA",ChIJjR2ANQCBbIcRdEetqj89dBQ
Cencalli Taqueria in Littleton,restaurants,"Denver, CO",(303) 353-8290,,https://www.cencallitaqueria.com/,"2389 Main St, Littleton, CO 80120, USA",ChIJg70i34yBbIcRU01RPxNBhNU
Platte River Bar and Grill,restaurants,"Denver, CO",(303) 798-9356,,http://www.theplatteriverbarandgrill.com/,"5995 S Santa Fe Dr, Littleton, CO 80120, USA",ChIJO-OfA9KBbIcRwmVS-y0jTLY
Beyond Thai,restaurants,"Denver, CO",(303) 797-3380,,https://www.beyondthailittleton.com/menu,"2630 W Belleview Ave Ste 150, Littleton, CO 80123, USA",ChIJIxPWp5CBbIcR73qfU9dxVQQ
Lucile's Creole Cafe,restaurants,"Denver, CO",(720) 465-9908,,http://luciles.com/,"2852 W Bowles Ave, Littleton, CO 80120, USA",ChIJi3jxzSyAbIcRceGCvVZRppc
Toast Fine Food & Coffee,restaurants,"Denver, CO",(303) 797-9543,,https://toastfinefoodandcoffee.com/,"2630 W Belleview Ave #100, Littleton, CO 80123, USA",ChIJVXN7qzKAbIcRn7v2_MRk6H4
Ned Kelly's Irish Pub,restaurants,"Denver, CO",(720) 283-8717,,http://nedkellysirishpub.com/,"5686 S Sycamore St, Littleton, CO 80120, USA",ChIJTcAdqDSAbIcRDNDQtR25p88
"Cheba Hut ""Toasted"" Subs",restaurants,"Denver, CO",(720) 835-2420,,https://chebahut.com/locations/englewood-federal/,"5098 S Federal Blvd suite c, Englewood, CO 80110, USA",ChIJ36-CNwCBbIcRwNHQzKev_xw
Palenque Cocina y Agaveria,restaurants,"Denver, CO",(720) 928-3318,,https://www.palenquecya.com/,"2609 Main St, Littleton, CO 80120, USA",ChIJ5QCP7POBbIcRSudZJ7BLTuU
Melting Pot,restaurants,"Denver, CO",(303) 794-5666,,https://www.meltingpot.com/littleton-co/,"2707 Main St, Littleton, CO 80120, USA",ChIJxYh2ojKAbIcRhbWf7ipE5KI
Hujra Kebab & Gyros,restaurants,"Denver, CO",(720) 703-0821,,https://www.hujrakebabgyros.com/,"2897 W Belleview Ave A, Littleton, CO 80123, USA",ChIJBVbb0nmBbIcR1_pcn8FVSLw
Denver Beer Co. Littleton,restaurants,"Denver, CO",(720) 523-9146,,https://denverbeerco.com/taprooms/littleton/,"2409 Main St, Littleton, CO 80120, USA",ChIJ8TOvtZaBbIcRpnJ5bMQ6rPg
Wayback Burgers,restaurants,"Denver, CO",(303) 794-3136,,https://waybackburgers.com/locations/colorado/englewood/?y_source=1_MTM4NTMxMzUtNzE1LWxvY2F0aW9uLndlYnNpdGU%3D,"5098 S Federal Blvd, Englewood, CO 80110, USA",ChIJ6WQXtiWAbIcRU5M1wAug0ZI
Jake's Brew Bar,restaurants,"Denver, CO",(303) 996-1006,,http://jakesbrewbar.com/,"2530 Main St, Littleton, CO 80120, USA",ChIJ2VK7JzOAbIcR0MnuaHK6SzQ
Piccino Wood Oven Pizza,restaurants,"Denver, CO",(303) 794-2100,,http://piccinopizza.com/,"5350 S Santa Fe Dr Unit A, Littleton, CO 80120, USA",ChIJiyJ9azGAbIcRtsY2mPugueM
Taj Mahal Indian Cuisine,restaurants,"Denver, CO",(720) 595-3190,,https://www.tajmahallittleton.com/,"5350 S Santa Fe Dr C, Littleton, CO 80120, USA",ChIJgSoEKiCBbIcRcGxVXJlLB-M
Don Juan’s Mexican Grill,restaurants,"Denver, CO",(720) 379-5066,,http://www.donjuansmxgrill.com/,"3625 W Bowles Ave unit 15 & 16, Littleton, CO 80123, USA",ChIJ37iIzFB_a4cR5T6elliWucM
Pancho's Lunch,restaurants,"Denver, CO",,,,"5995 S Santa Fe Dr, Littleton, CO 80120, USA",ChIJgde7BNKBbIcRFM0uP1mOkag
Colorado Pinball Pub,restaurants,"Denver, CO",(303) 598-4391,,http://www.coloradopinballpub.com/,"6209 S Santa Fe Dr, Littleton, CO 80120, USA",ChIJS89H62uBbIcRPFaYtEx48MA
DIRT Coffee Bar,restaurants,"Denver, CO",(303) 945-6332,,http://www.dirtcoffee.org/,"2506 W Alamo Ave, Littleton, CO 80120, USA",ChIJBRx2VM2BbIcRyLyuoAIT8IU
Littleton Brewing Company,restaurants,"Denver, CO",(720) 476-7767,,https://www.littletonbrewco.com/,"1201 W Littleton Blvd, Littleton, CO 80120, USA",ChIJS6vUdgCBbIcRWkasMAGeA9I
Momma's Kitchen,restaurants,"Denver, CO",(720) 283-2233,,http://mommaskitchenlittleton.com/,"1409 W Littleton Blvd, Littleton, CO 80120, USA",ChIJl_n8rHKBbIcRTW6zOguZaHU
Cherry Cricket Littleton,restaurants,"Denver, CO",(970) 688-8801,,https://cherrycricket.com/,"819 W Littleton Blvd, Littleton, CO 80120, USA",ChIJuf31BWiBbIcRaZBSEMmwF8E
Vinameals (Littleton),restaurants,"Denver, CO",(303) 276-8178,,https://www.facebook.com/share/1Bt8gbAD3V/?mibextid=wwXIfr,"1500 W Littleton Blvd #110a, Littleton, CO 80120, USA",ChIJyXAwcKWBbIcR3uS91q70ppk
Romano's Pizzeria,restaurants,"Denver, CO",(303) 798-4944,,http://www.romanospizzeria.com/,"5666 S Windermere St, Littleton, CO 80120, USA",ChIJEUUAMLWBbIcRDMKAm-anFRI
Gyros Town Grill,restaurants,"Denver, CO",(303) 797-6666,,https://www.gyrostownrestaurant.com/,"1399 W Littleton Blvd, Littleton, CO 80120, USA",ChIJF6-bl7SBbIcRnVladO6SAmE
Harley's A Hot Dog Revolution,restaurants,"Denver, CO",(720) 236-9617,,http://harleysdogs.com/,"1500 W Littleton Blvd, Littleton, CO 80120, USA",ChIJZ0e4U7SBbIcRqs5xctisGNE
Yummy station,restaurants,"Denver, CO",(303) 997-7387,,http://www.yummystationco.com/,"1140 W Littleton Blvd, Littleton, CO 80120, USA",ChIJkSjT_4eBbIcR8UCaEa0hHDE
Santa Fe Mexican Grill,restaurants,"Denver, CO",(303) 794-2420,,https://santafemexicangrilllittleton.com/,"1500 W Littleton Blvd, Littleton, CO 80120, USA",ChIJo3bfkPaBbIcRtLIDWYUoA9c
ReplyWiseAi,restaurants,"Denver, CO",,,,"5460 S Broadway, Englewood, CO 80113, USA",ChIJpxpWU6OBbIcRfOjemvX4LFM
Latke Love,restaurants,"Denver, CO",(303) 995-9708,,http://www.latkelove.com/,"699 W Littleton Blvd, Littleton, CO 80120, USA",ChIJh33KWuV7bIcR78ipIfQ3680
Black-eyed Pea,restaurants,"Denver, CO",(303) 788-1350,,http://blackeyedpeacolorado.com/,"5180 S Broadway, Englewood, CO 80113, USA",ChIJ35hkelaAbIcRnT2p9UCdlmM
Famous Amos Tacos,restaurants,"Denver, CO",(720) 999-2329,,,"5301 S Broadway, Littleton, CO 80120, USA",ChIJwT_XmNaBbIcR2wQJ1o-3ogg
Duffeyroll Bakery Cafe,restaurants,"Denver, CO",(303) 996-5900,,http://duffeyrolls.com/,"5198 S Broadway, Englewood, CO 80113, USA",ChIJv0Lv11WAbIcR3tnRHTiKo_8
Wild Ginger,restaurants,"Denver, CO",(303) 794-1115,,http://www.wildginger.info/,"399 W Littleton Blvd, Littleton, CO 80120, USA",ChIJy8JIZ6yBbIcRhmHKz3EjFKM
Na Favola Trattoria & Pizzeria,restaurants,"Denver, CO",(983) 999-4139,,https://nafavolatrattoria.com/,"5909 S University Blvd, Greenwood Village, CO 80121, USA",ChIJ-Se139aBbIcRHVQ6qtIo3_M
The Original Pancake House - Cherry Hills,restaurants,"Denver, CO",(303) 795-0573,,https://www.ophdenver.com/,"5900 S University Blvd D, Greenwood Village, CO 80121, USA",ChIJNWEz4DyBbIcRwzeHjY6aiFk
ON's Thai Cuisine,restaurants,"Denver, CO",(720) 485-4097,,https://onsthaicuisine.com/,"5969 S University Blvd, Greenwood Village, CO 80121, USA",ChIJTXX-FnaBbIcRxD9o-jvsAIo
Chook Chicken,restaurants,"Denver, CO",(303) 282-8399,,https://www.chookchicken.com/,"2500 E Orchard Rd C, Greenwood Village, CO 80121, USA",ChIJTWKjp2OBbIcRgW6BK5UoC2k
Sazza Pizza+Salads,restaurants,"Denver, CO",(303) 797-2992,,https://www.sazzarestaurant.com/,"2500 E Orchard Rd E, Greenwood Village, CO 80121, USA",ChIJs1eVwjyBbIcRaVNYCuGF5gU
Chez Jose,restaurants,"Denver, CO",(303) 798-8753,,https://www.chezjose.net/,"5910 S University Blvd, Greenwood Village, CO 80121, USA",ChIJaftz9TyBbIcRhAa0_WPucCo
Tzatziki's Restaurant,restaurants,"Denver, CO",(303) 730-1175,,http://tzatzikis.com/,"5919 S University Blvd, Greenwood Village, CO 80121, USA",ChIJ4VVSBT2BbIcR1F5IPIiKp60
Menya Sushi Bar,restaurants,"Denver, CO",(303) 798-1111,,https://www.menyasushibar.com/,"5910 S University Blvd, Greenwood Village, CO 80121, USA",ChIJg7yPijyBbIcR4XRIGYRVXo4
Lazo Empanadas - Greenwood Village,restaurants,"Denver, CO",(720) 526-5514,,https://www.lazoempanadas.com/,"5945 S University Blvd, Greenwood Village, CO 80121, USA",ChIJ8dR2r86BbIcRNq-wljOIMa0
Onefold Greenwood Village,restaurants,"Denver, CO",(720) 968-0134,,https://eatonefold.com/,"5960 S Holly St, Greenwood Village, CO 80111, USA",ChIJydjJEACHbIcRHpsW74laHlk
Venice,restaurants,"Denver, CO",(720) 482-9191,,https://www.veniceristorante.com/,"5946 S Holly St, Greenwood Village, CO 80111, USA",ChIJ96FmIseGbIcRot8H5IgEGEA
Parry's Pizzeria & Taphouse,restaurants,"Denver, CO",(303) 741-0111,,https://parryspizza.com/locations/greenwood-village/,"5970 S Holly St, Greenwood Village, CO 80111, USA",ChIJy8NowsaGbIcRhK06LZqU2Ec
Peckish,restaurants,"Denver, CO",(303) 248-3764,,https://www.peckishco.com/,"4920 S Newport St, Denver, CO 80237, USA",ChIJwUce-faHbIcRVgKI0cL7fQk
JING Denver,restaurants,"Denver, CO",(303) 779-6888,,http://www.jingrestaurant.com/,"5370 Greenwood Plaza Blvd, Greenwood Village, CO 80111, USA",ChIJv7tvZPqGbIcRIWwNaQ_FbTk
Catira | Venezuelan Kitchen & Cocktails,restaurants,"Denver, CO",(720) 826-3920,,https://holacatira.com/,"5370 Greenwood Plaza Blvd #107, Greenwood Village, CO 80111, USA",ChIJv6b_6quHbIcR5ngfoWJ-aFU
Pappadeaux Seafood Kitchen,restaurants,"Denver, CO",(303) 740-9449,,https://pappadeaux.com/,"7520 E Progress Pl, Greenwood Village, CO 80111, USA",ChIJQbmWDfuGbIcRaUHT3m5hkL4
Shanahan's Steakhouse,restaurants,"Denver, CO",(303) 770-7300,,http://www.shanahanssteakhouse.com/,"5085 S Syracuse St, Denver, CO 80237, USA",ChIJ1zzAXfyGbIcRBtKu5izf18w
Ambli Global - DTC,restaurants,"Denver, CO",(720) 476-3164,,https://www.amblidenver.com/ambliglobalatbelleviewstation,"6799 E Belleview Ave, Denver, CO 80237, USA",ChIJ0aH3z-OGbIcRzynWFDj0jNk
Eddie V's Prime Seafood,restaurants,"Denver, CO",(720) 826-7488,,https://www.eddiev.com/locations/co/greenwood-village/greenwood-village/8520?cmpid=br:ev_ag:ie_ch:loc_ca:EVGMB_sn:gmb_gt:greenwood-village-co-8520_pl:locurl_rd:1019,"5111 DTC Pkwy, Greenwood Village, CO 80111, USA",ChIJ9_hybd2HbIcRrE-tIT7BWs4
Urban Egg,restaurants,"Denver, CO",(720) 482-4070,,http://urbanegg.com/,"6991 E Belleview Ave, Denver, CO 80237, USA",ChIJIw_PDeOGbIcRRTLisCKgbPk
Pizza Republica,restaurants,"Denver, CO",(720) 489-2030,,https://pizzarepublica.com/our-locations/?utm_source=GMB&utm_medium=Organic,"5375 Landmark Pl, Greenwood Village, CO 80111, USA",ChIJjbUUYIyHbIcR6ZPL1lnZE3o
Slattery's Pub & Grill,restaurants,"Denver, CO",(303) 741-2115,,http://slatterys-pubandgrill.com/,"5364 Greenwood Plaza Blvd, Greenwood Village, CO 80111, USA",ChIJkzKnifqGbIcRf2rJhZpQpHc
Griffin Tavern,restaurants,"Denver, CO",(720) 482-4038,,https://griffintavernco.com/,"5062 S Syracuse St, Denver, CO 80237, USA",ChIJWfvjMPyGbIcR2RqRS-BhyGA
Lucy Restaurant,restaurants,"Denver, CO",(720) 274-6868,,https://www.lucyrestaurant.com/,"5345 Landmark Pl, Greenwood Village, CO 80111, USA",ChIJjfhShvqGbIcRO98Wx5p8y0g
Bad Daddy's Burger Bar,restaurants,"Denver, CO",(720) 726-7816,,https://www.baddaddysburgerbar.com/locations/bad-daddys-burger-bar-4,"5380 Greenwood Plaza Blvd #106, Greenwood Village, CO 80111, USA",ChIJq6KHc_qGbIcROVFKJ5RcWkw
La Loma DTC,restaurants,"Denver, CO",(303) 656-2082,,https://www.lalomarestaurants.com/denver-tech-center,"8000 E Belleview Ave G-10, Greenwood Village, CO 80111, USA",ChIJGyyMGQCHbIcRM7uC6HL1a1A
Mama Kim,restaurants,"Denver, CO",(720) 923-7626,,http://mamakim.com/,"8745 E Orchard Rd # 520, Greenwood Village, CO 80111, USA",ChIJh-rGEbuHbIcR42Cc-sr8urU
Bryan’s Dumpling House,restaurants,"Denver, CO",(303) 952-9631,,https://bryansdh.com/,"8000 E Belleview Ave Suite B45, Greenwood Village, CO 80111, USA",ChIJa3cZvM6HbIcR7ikePlEUaEg
Le French DTC Belleview Station,restaurants,"Denver, CO",(720) 710-8963,,http://lefrenchdenver.com/,"4901 S Newport St, Denver, CO 80237, USA",ChIJrc12stWHbIcRn3T2952y5OU
Ocean Prime,restaurants,"Denver, CO",(303) 552-3000,,https://www.ocean-prime.com/locations-menus/denver-tech-center,"8000 E Belleview Ave C10, Greenwood Village, CO 80111, USA",ChIJN_94dAGHbIcRPLp1F1Wdkns
Zink Kitchen + Bar,restaurants,"Denver, CO",(303) 253-3517,,https://www.opentable.com/zink-kitchen-and-bar?ref=1068?utm_source=gmb&utm_medium=Yext,"7801 E Orchard Rd, Greenwood Village, CO 80111, USA",ChIJ-WJogvSGbIcRuCVCopwRx9s
Los Chingones - DTC,restaurants,"Denver, CO",(303) 567-4258,,https://www.loschingonesmexican.com/,"4959 S Newport St, Denver, CO 80237, USA",ChIJ35rlnhaHbIcRtoAqyhZa7y0
The Original Pancake House - DTC,restaurants,"Denver, CO",(303) 224-0093,,https://www.ophdenver.com/,"8000 E Belleview Ave F-10, Greenwood Village, CO 80111, USA",ChIJ2fCJTPmGbIcRpBg3b0Dazq8
DTC Slice,restaurants,"Denver, CO",(303) 997-7268,,https://www.dtcslice.com/,"8000 E Belleview Ave B40, Greenwood Village, CO 80111, USA",ChIJfVrAIQCHbIcRPHqWs_X61KQ
Cafe MJ 'What O Eat',restaurants,"Denver, CO",(303) 221-0222,,,"5975 S Quebec St, Centennial, CO 80111, USA",ChIJDQG6TG-HbIcRzRYgzQzwh6o
Burnt End BBQ in Denver,restaurants,"Denver, CO",(720) 638-1153,,https://www.burntenddenver.com/,"5332 DTC Blvd #100, Greenwood Village, CO 80111, USA",ChIJVdVjS1iGbIcRWx8FwQLxkms
Pokeworks,restaurants,"Denver, CO",(720) 524-8554,,http://www.pokeworks.com/,"8000 E Belleview Ave D55, Greenwood Village, CO 80111, USA",ChIJAzUKsSqHbIcR2dRBYwR8MjY
Enso Sushi & Grill,restaurants,"Denver, CO",(303) 955-0868,,https://www.ensosushigrill.com/?utm_source=gmb&utm_medium=website,"8000 E Belleview Ave D50, Greenwood Village, CO 80111, USA",ChIJy08rT4OHbIcRkZYXu42cz_c
YaYas Euro Bistro in Denver,restaurants,"Denver, CO",(303) 741-1110,,http://www.yayaseurobistrodenver.com/,"8310 E Belleview Ave, Greenwood Village, CO 80111, USA",ChIJZ5TTFlaGbIcRJnqWEBUoQC4
"Snooze, an A.M. Eatery",restaurants,"Denver, CO",(720) 441-1350,,https://www.snoozeeatery.com/restaurant/colorado/denver-tech-center/?utm_source=Google&utm_medium=BusinessListing,"5073 S Syracuse St, Denver, CO 80237, USA",ChIJq6pmT_yGbIcRAM3DyB5gV6I
Cuba Cuba DTC,restaurants,"Denver, CO",(303) 741-4634,,http://cubacubarestaurants.com/,"5322 DTC Blvd, Greenwood Village, CO 80111, USA",ChIJu_ixMFiGbIcR84RyHfkCbNc
Yanni's Greek Restaurant,restaurants,"Denver, CO",(303) 692-0404,,http://www.yannisdenver.com/,"5425 Landmark Pl #D109, Greenwood Village, CO 80111, USA",ChIJG3n7fvCGbIcRk4Ie2cpTzMI
Spice Trade Brewery & Kitchen,restaurants,"Denver, CO",(720) 479-8002,,http://www.spicetradebrewing.com/,"8775 E Orchard Rd STE 811, Greenwood Village, CO 80111, USA",ChIJm_QeWwaHbIcRoTxHsTozCqI
The Delectable Egg,restaurants,"Denver, CO",(303) 694-0036,,https://www.delectableegg.com/,"5312 DTC Blvd #100, Greenwood Village, CO 80111, USA",ChIJnX95M1iGbIcRHA1ABskMRsM
Ted's Montana Grill,restaurants,"Denver, CO",(303) 771-3038,,https://www.tedsmontanagrill.com/tmg049.html,"5370 Greenwood Plaza Blvd, Greenwood Village, CO 80111, USA",ChIJJcjAZfqGbIcRuZ0O7FMHiNs
Asuka Ramen&Poke（Greenwood Village),restaurants,"Denver, CO",(303) 779-3668,,https://www.ezordernow.com/greenwood-village-asian-asuka-ramen-poke-802081,"5131 S Yosemite St, Greenwood Village, CO 80111, USA",ChIJnwCMa4iHbIcRAYkriVQjA8Q
Chianti Ristorante Italiano,restaurants,"Denver, CO",(303) 796-0611,,https://chianti-ristorante.com/,"5121 S Yosemite St, Greenwood Village, CO 80111, USA",ChIJIVYkO1GGbIcRLJ7L6pFwDGc
Del Frisco's Double Eagle Steakhouse,restaurants,"Denver, CO",(303) 796-0100,,https://www.delfriscos.com/location/del-friscos-double-eagle-steakhouse-denver-co/,"8100 E Orchard Rd, Denver, CO 80111, USA",ChIJByosEmCGbIcRvBG-QZTjEWg
Bonefish Grill,restaurants,"Denver, CO",(303) 741-3474,,https://locations.bonefishgrill.com/colorado/greenwood/4948-s.-yosemite-street?y_source=1_MTU1MDI3ODctNzE1LWxvY2F0aW9uLndlYnNpdGU%3D,"4948 S Yosemite St, Greenwood Village, CO 80111, USA",ChIJiaT_XlGGbIcRuzosIcVhhDk
Tap & Burger Belleview Station,restaurants,"Denver, CO",(720) 583-1367,,https://www.tapandburger.com/,"4910 S Newport St, Denver, CO 80237, USA",ChIJMxG526KHbIcRH8Qv62Ug5I0
Illegal Pete's - DTC,restaurants,"Denver, CO",(303) 771-2277,,https://www.illegalpetes.com/,"5312 DTC Blvd #400, Greenwood Village, CO 80111, USA",ChIJnX95M1iGbIcR1hpaVWhFHeE
Smashburger,restaurants,"Denver, CO",(303) 872-4133,,https://smashburger.com/locations/us/co/greenwood-village/5302-dtc-blvd?utm_medium=organic&utm_source=local&utm_campaign=googlelistings&utm_content=website&utm_term=1753,"5302 DTC Blvd #500, Greenwood Village, CO 80111, USA",ChIJoRMb9kKHbIcRekUhcok5lAk
Hapa Sushi Grill and Sake Bar,restaurants,"Denver, CO",(303) 267-8744,,http://hapasushi.com/,"5380 Greenwood Plaza Blvd #101, Greenwood Village, CO 80111, USA",ChIJ5yHUc_qGbIcR8tPhhiXeNl4
Oliver's Italian,restaurants,"Denver, CO",(303) 862-8507,,https://www.oliversitalian.com/,"4950 S Yosemite St F3, Greenwood Village, CO 80111, USA",ChIJD1JFemGHbIcRcSakhSstHSc
Morning Story - DTC,restaurants,"Denver, CO",(720) 596-4692,,http://www.morningstoryrestaurant.com/,"4930 S Yosemite St Suite D1C, Greenwood Village, CO 80111, USA",ChIJs0NIoBGHbIcRFzgdwczXxuM
Byblos Greenwood Village,restaurants,"Denver, CO",(303) 953-0145,,https://www.byblos-cafe.com/,"4940 S Yosemite St Unit E4, Greenwood Village, CO 80111, USA",ChIJQVQ_EVKHbIcRfw3VZ5Xy8Tc
Chicken Salad Chick,restaurants,"Denver, CO",(720) 532-1428,,https://www.chickensaladchick.com/locations/co/greenwood-village/5322-dtc-boulevard,"5322 DTC Blvd #100, Greenwood Village, CO 80111, USA",ChIJow-Fy2uHbIcRngeZpJSNUi8
Q’s Quisine,restaurants,"Denver, CO",(720) 476-8127,,http://www.qsquisine.net/,"5428 S Parker Rd, Aurora, CO 80015, USA",ChIJi5bmQ--JbIcRrC9zf3tymsY
Casa Tequila Grill,restaurants,"Denver, CO",(720) 760-8289,,https://www.casatequilagrillaurora.com/,"5350 S Parker Rd, Aurora, CO 80015, USA",ChIJ0Sn0cyKJbIcRVWA4gfoPNFg
Twisted Egg,restaurants,"Denver, CO",(720) 630-8285,,http://twistedegg.com/,"5001 S Parker Rd UNIT 115, Aurora, CO 80015, USA",ChIJT-q3-5-JbIcRCvu6lAc6X_Y
Desi Bites,restaurants,"Denver, CO",(720) 541-7293,,https://desibites.com/,"5422 S Parker Rd, Aurora, CO 80015, USA",ChIJ4Zx0Q5KJbIcRggVHu9jBE2c
Dagiya,restaurants,"Denver, CO",(720) 630-7713,,https://dagiyaofficial.com/?utm_source=google,"5612 S Parker Rd, Aurora, CO 80015, USA",ChIJDR18GE6JbIcR_ZiRv0z7QHY
Asuka Ramen & Poke (Aurora),restaurants,"Denver, CO",(720) 542-8888,,http://asukaaurora.com/,"5580 S Parker Rd, Aurora, CO 80015, USA",ChIJGxpTxAeJbIcR16oyjlTAEiE
C' Amore Italian Restaurant,restaurants,"Denver, CO",(303) 284-7359,,https://camorerestaurant.com/,"6232 S Parker Rd Unit 400, Centennial, CO 80016, USA",ChIJyTxmSzuJbIcR2lHeG1UhMH4
Mama Louise Italian Restaurant,restaurants,"Denver, CO",(303) 799-1993,,http://www.mamalouisecolorado.com/,"15412 E Orchard Rd, Centennial, CO 80016, USA",ChIJQ49QrNqIbIcRuWWLk5fTcZA
Pardon My Cheesesteak,restaurants,"Denver, CO",(888) 444-0934,,https://pardonmycheesesteak.com/?e=1250118723,"5820 S Parker Rd, Aurora, CO 80015, USA",ChIJl_ex7NuJbIcRcptDYkyz6Io
Le Peep® Centennial,restaurants,"Denver, CO",(303) 766-2277,,http://www.lepeep.com/,"15352 E Ida Dr, Centennial, CO 80015, USA",ChIJjw_XztqIbIcRoFhMhGcHvxA
Doug's Diner,restaurants,"Denver, CO",(720) 870-6228,,https://www.dougsdiner.com/,"15444 E Orchard Rd, Centennial, CO 80016, USA",ChIJV1NkddCIbIcRBBYkBkoO9AE
LuBo's Ny Pizza,restaurants,"Denver, CO",(303) 693-9196,,http://www.lubosnypizza.com/,"15352 E Ida Dr, Centennial, CO 80015, USA",ChIJjw_XztqIbIcRjc-SHxQpcPs
IHOP,restaurants,"Denver, CO",(303) 400-4467,,https://restaurants.ihop.com/en-us/co/aurora/breakfast-5820-s-parker-rd-1838?utm_source=google&utm_medium=organic&utm_campaign=google_my_business&utm_term=1838&utm_content=website,"5820 S Parker Rd, Aurora, CO 80015, USA",ChIJ0-dVLsWIbIcRvHSexnOVxpM
MLB Ballpark Bites,restaurants,"Denver, CO",(888) 672-8352,,,"5820 S Parker Rd, Aurora, CO 80015, USA",ChIJ_5xBYLqJbIcRZ_X3qAzB5BU
L&L Hawaiian Mixplate (Inside Walmart),restaurants,"Denver, CO",(303) 766-4950,,https://www.hawaiianbarbecue.com/mixplate/,"5650 S Chambers Rd #1689, Aurora, CO 80015, USA",ChIJ9amnvsSIbIcRR7xZIDBHCuI
Q'Rico Food & Cravings,restaurants,"Denver, CO",(720) 609-8624,,,"16748 E Smoky Hill Rd Unit F9, Aurora, CO 80015, USA",ChIJ63h6-j2JbIcRp9cpw0XOJj8
Jabanero's Mexican Grill,restaurants,"Denver, CO",(720) 388-8805,,https://jabanerosaurora.com/,"5584 S Parker Rd, Aurora, CO 80015, USA",ChIJueEo-8OIbIcRBAFqYFcpoiM
Wanna Poke & Ramen,restaurants,"Denver, CO",(303) 693-0998,,https://www.wannapokeramen.com/,"16748 E Smoky Hill Rd #9b, Centennial, CO 80015, USA",ChIJ80EzXUOJbIcRfdqWqXS332I
Circle K,restaurants,"Denver, CO",(303) 617-0200,,https://www.circlek.com/store-locator/US/centennial/18565-e-smoky-hill-rd/2741166?utm_source=google&utm_medium=local&utm_campaign=google-local,"18565 E Smoky Hill Rd, Centennial, CO 80015, USA",ChIJhw0MIEeJbIcRtbW9Ur0tBno
SNOWFOX Sushi,restaurants,"Denver, CO",,,https://www.snowfox.com/,"19711 E Smoky Hill Rd, Centennial, CO 80015, USA",ChIJT2rZxZ-JbIcRk6dWZhin2HY
Mito sushi,restaurants,"Denver, CO",(303) 955-5791,,https://www.mitosushico.com/,"20239 E Smoky Hill Rd C, Centennial, CO 80015, USA",ChIJ5ZoXJQKLbIcRG17yFDTt4_k
Slim Chickens,restaurants,"Denver, CO",(720) 487-1388,,https://slimchickens.com/?utm_source=google&utm_medium=organic&utm_campaign=gmb,"5697 S Himalaya St, Centennial, CO 80015, USA",ChIJ50AIi_WJbIcRXUaS-7NO4Mo
Fontana Sushi,restaurants,"Denver, CO",(303) 680-8080,,http://fontanacuisine.com/,"19741 E Smoky Hill Rd Suite B, Centennial, CO 80015, USA",ChIJwXDavlaJbIcRJfTCbfi4RNE
Tata's Burritos,restaurants,"Denver, CO",(720) 870-2184,,http://facebook.com/tatasburritosaurora2,"5677 S Himalaya St, Centennial, CO 80015, USA",ChIJ1Z4TX1aJbIcRx25MZdbvxJg
Rosati's Pizza,restaurants,"Denver, CO",(303) 386-1002,,https://myrosatis.com/centennial/,"5616 S Gibraltar Way, Centennial, CO 80015, USA",ChIJrZgAeFWJbIcRcDQOrrPoVy8
Thai Panda,restaurants,"Denver, CO",(303) 400-3510,,https://www.centennialthaipanda.com/,"5616 S Gibraltar Way E, Centennial, CO 80015, USA",ChIJLWtmmGGJbIcRQjFJmPQ-pWo
Cafe Ambrosia,restaurants,"Denver, CO",(303) 766-2585,,https://www.cafeambrosia-co.com/,"20981 E Smoky Hill Rd, Centennial, CO 80015, USA",ChIJmwwj1k-NbIcRZSojKBa5HGY
Bangkok-Tokyo,restaurants,"Denver, CO",(303) 627-6328,,https://www.bangkoktokyoaurora.com/,"6020 S Gun Club Rd Unit E5, Aurora, CO 80016, USA",ChIJqxp12IeNbIcRhN3vSIeUxZw
Fuyu Ramen,restaurants,"Denver, CO",(303) 993-5986,,https://pos.chowbus.com/online-ordering/store/FUYU-RAMEN/23102,"6180 S Gun Club Rd l1, Aurora, CO 80016, USA",ChIJBZK70byNbIcR9SrYs6ssMCU
Ajuua Mexican Restaurant,restaurants,"Denver, CO",(720) 747-0764,,https://ajuua.com/,"6020 S Gun Club Rd E-2, Aurora, CO 80016, USA",ChIJX2xdx4qNbIcROCknplDmfFI
Dolce Vita Italian Bistro & Restaurant,restaurants,"Denver, CO",(720) 659-6543,,https://dolcevitaaurora.com/,"6105 S Main St Unit F-104, Aurora, CO 80016, USA",ChIJj154MUGNbIcR_rCTUwV86Yk
En Fuego Cantina,restaurants,"Denver, CO",(720) 973-8226,,http://enfuegocantina.net/,"6105 S Main St F103, Aurora, CO 80016, USA",ChIJPVeIxA6NbIcRc7b2DqdMSkc
Three Little Griddles,restaurants,"Denver, CO",(303) 693-4100,,http://www.threelittlegriddles.com/,"6040 S Gun Club Rd F2, Aurora, CO 80016, USA",ChIJcXOwRXqMbIcRD-gJCJW0tog
Bad Daddy's Burger Bar,restaurants,"Denver, CO",(303) 627-5707,,https://www.baddaddysburgerbar.com/locations/bad-daddys-burger-bar-3,"23955 E Plaza Ave #107, Aurora, CO 80016, USA",ChIJa2bDSXyMbIcRO4musrig84g
PokeMen,restaurants,"Denver, CO",(720) 274-5700,,https://pokemen.toast.site/order,"23955 E Plaza Ave, Aurora, CO 80016, USA",ChIJSbnhLXyNbIcR5QW4J6EYYxw
Ted's Montana Grill,restaurants,"Denver, CO",(720) 870-4470,,https://www.tedsmontanagrill.com/tmg047.html,"6105 S Main St, Aurora, CO 80015, USA",ChIJ-QhsXHyMbIcRYb1QT9_gFb8
Monsoon Cuisine Of India,restaurants,"Denver, CO",(303) 627-5444,,http://www.monsoonsouthlands.com/,"24107 E Commons Ave, Aurora, CO 80016, USA",ChIJaQXeGn2MbIcR1Ocut1gVy_o
Noodles and Company,restaurants,"Denver, CO",(303) 243-5270,,https://locations.noodles.com/co/aurora/6200-south-main-st?utm_campaign=soci&utm_medium=organic&utm_source=google,"6200 S Main St, Aurora, CO 80016, USA",ChIJBf6c5nyMbIcRU3POG4Uh4WQ
Mt. Fuji Sushi & Hibachi (Aurora),restaurants,"Denver, CO",(720) 809-8994,,http://www.mtfujisushihibachi.com/?utm_source=gmb&utm_medium=website,"6100 S Main St H101, Aurora, CO 80016, USA",ChIJmy8efAyNbIcRxwcfYdboQxA
Olive Garden Italian Restaurant,restaurants,"Denver, CO",(303) 400-0199,,https://www.olivegarden.com/locations/co/aurora/aurora-southlands-pkwy/1714?cmpid=br:og_ag:ie_ch:loc_ca:OGGMB_sn:gmb_gt:aurora-co-1714_pl:locurl_rd:1562,"6089 S Southlands Pkwy, Aurora, CO 80016, USA",ChIJV84chnuMbIcRHKU3jedTes0
The 49th Food & Spirits Denver,restaurants,"Denver, CO",(720) 255-2021,,http://www.the49thdenver.com/,"4550 S Kipling St #6, Denver, CO 80127, USA",ChIJBb0TnVt_a4cRUZDRsnuQpes
Pho 98 & Asian Cuisine,restaurants,"Denver, CO",(303) 972-9239,,https://www.pho98denver.com/,"4550 S Kipling St #17, Littleton, CO 80127, USA",ChIJCcJiYbl_a4cRW5zKvfuhmk8
Bandido's | Mexican Restaurant,restaurants,"Denver, CO",(303) 979-9746,,http://www.bandidosdenver.com/,"4550 S Kipling St #18, Denver, CO 80127, USA",ChIJU0sRgVt_a4cRk7Tjv7wfht0
Tamale Kitchen 7,restaurants,"Denver, CO",(303) 972-4477,,http://www.tamalekitchen7.com/,"5055 S Kipling St c9, Littleton, CO 80127, USA",ChIJb51glEZ_a4cRWYTHDN3FWQE
EL TEJADO MEXICAN RESTAURANT,restaurants,"Denver, CO",,,,"Lakewood, CO 80123, USA",ChIJD_L0hXJ_a4cRfTmYPsFljQU
Noodles and Company,restaurants,"Denver, CO",(303) 904-0870,,https://locations.noodles.com/co/littleton/8555-w-belleview-ave?utm_campaign=soci&utm_medium=organic&utm_source=google,"8555 W Belleview Ave, Littleton, CO 80123, USA",ChIJAQAAALB_a4cRq7P76Wn1tm8
JP Nori Sushi & Asian Cuisine,restaurants,"Denver, CO",(720) 283-1818,,http://jpnori1.com/,"5302 S Federal Cir, Littleton, CO 80123, USA",ChIJ0YmR4yiAbIcR6DMVCDoVN5s
Los Dos Amigos Tacos and Tortas,restaurants,"Denver, CO",(720) 751-6688,,http://los-dos-amigos.square.site/,"4811 S Broadway, Englewood, CO 80113, USA",ChIJNdHoUDiBbIcRfnJhAXYpnV8
Alvarado's Mexican Fast Food,restaurants,"Denver, CO",(720) 479-8029,,https://mexicanfastfoodenglewood.com/,"4901 S Broadway, Englewood, CO 80113, USA",ChIJmZ_s3rmBbIcRTYT_zOw1nJ8
Pint Brothers,restaurants,"Denver, CO",(303) 740-2518,,https://www.pintbrothersdenver.com/,"4900 S Syracuse St, Denver, CO 80237, USA",ChIJI-VIEP2GbIcR_jgqSOF0Yfw
Saverina,restaurants,"Denver, CO",(855) 546-7866,,https://saverinadenver.com/,"6985 E Chenango Ave, Denver, CO 80237, USA",ChIJ0Y-F5uKGbIcR61YZ6PqjQk4
El Tule Mexican Cuisine & Bar,restaurants,"Denver, CO",,,,"4862 S Newport St, Denver, CO 80237, USA",ChIJffKMqk-HbIcRCrPO1Udv9iI
Panda dim sum &dumpling house,restaurants,"Denver, CO",(720) 476-6822,,https://pandadimsum.toast.site/order,"4955 S Ulster St Unit 102, Denver, CO 80237, USA",ChIJ2YsGGxyHbIcRAidZ-LLSHaA
Darcy's Bistro & Pub,restaurants,"Denver, CO",(303) 770-0477,,https://www.coloradopubco.com/our-working-concepts/,"4955 S Ulster St Ste 103, Denver, CO 80237, USA",ChIJlcOLU_6GbIcRUg8RCS0CBGU
Dumpling Factory,restaurants,"Denver, CO",(720) 420-9461,,https://pos.chowbus.com/online-ordering/store/Dumpling-Factory/23650,"4660 S Yosemite St, Greenwood Village, CO 80111, USA",ChIJX6E3P1yHbIcRB9S2RDOW_7g
Root25 Taphouse & Kitchen,restaurants,"Denver, CO",(303) 779-1234,,http://techcenter.hyatt.com/en/hotel/dining/root-twentyfive-taphouse-kitchen.html,"7800 E Tufts Ave, Denver, CO 80237, USA",ChIJ-3wbJgKHbIcRLVVxKTvJnjw
The French Press,restaurants,"Denver, CO",(303) 770-2244,,http://www.myfrenchpress.com/,"4668 S Yosemite St, Greenwood Village, CO 80111, USA",ChIJf3La7ayHbIcRtjKLRpWCZ_Q
Ocho's Mexican Cocina,restaurants,"Denver, CO",(303) 993-6656,,https://www.ochosmexcocina.com/,"8080 E Union Ave Suite 120, Denver, CO 80237, USA",ChIJOZzNRp-HbIcRw8OuMTMJMxQ
Thai Arun Cafe,restaurants,"Denver, CO",(303) 862-6826,,https://thaiarun.diningtek.online/,"4955 S Ulster St Suite 106, Denver, CO 80237, USA",ChIJT4KGsdWHbIcRq4f9DySPdVg
Yampa Sandwich Co.,restaurants,"Denver, CO",(303) 927-6248,,http://yampasandwichco.com/,"4919 S Newport St, Denver, CO 80237, USA",ChIJzRnwnhaHbIcR7xGRMNp7ZlI
Teriyaki Madness,restaurants,"Denver, CO",(720) 519-0107,,https://teriyakimadness.com/locations/co-denver-tech-center/,"8080 E Union Ave Ste 130, Denver, CO 80237, USA",ChIJxc0NewWHbIcR_6N2WbkwvY4
Taqueria El Comalito,restaurants,"Denver, CO",(303) 770-5957,,https://www.taqueriaelcomalito.com/,"4690 S Yosemite St UNIT A, Greenwood Village, CO 80111, USA",ChIJRTmRwWCHbIcRi-P16FV8VXM
ROSA FRIDA Mexican Food and Refreshments,restaurants,"Denver, CO",(720) 448-4028,,,"6750 E Chenango Ave, Denver, CO 80237, USA",ChIJG0WkWSSHbIcR6yFVsOOnKW4
Pull and Press,restaurants,"Denver, CO",(303) 219-0820,,http://pullandpressco.com/,"5295 DTC Pkwy Suite 103, Greenwood Village, CO 80111, USA",ChIJDU9LOxOHbIcRBxGisZIHaZk
"Cheba Hut ""Toasted"" Subs",restaurants,"Denver, CO",(303) 856-9789,,https://chebahut.com/locations/denver-dtc/,"7795 E Belleview Ave ste 1, Greenwood Village, CO 80111, USA",ChIJEWofVwCHbIcR7i05OKXFSQg
Ruth's Chris Steak House,restaurants,"Denver, CO",(303) 854-9304,,https://www.ruthschris.com/locations/co/denver-tech/denver-tech/7362?cmpid=br:rc_ag:ie_ch:loc_ca:RCGMB_sn:gmb_gt:denver-co-7362_pl:locurl_rd:1062,"7001 E Belleview Ave #100, Denver, CO 80237, USA",ChIJ9xoiN-OGbIcR044q8nFynYY
Crisp and Green,restaurants,"Denver, CO",(303) 955-5450,,https://crispandgreen.com/?olonwp=JjBtp_vMLk25gkYh_bnoiQ,"6821 E Chenango Ave, Denver, CO 80237, USA",ChIJp-UDVlSHbIcR7iP6yNU2FJs
Shanghai Kitchen,restaurants,"Denver, CO",(303) 290-6666,,http://www.shanghaikitchendenver.com/,"4940 S Yosemite St E8, Greenwood Village, CO 80111, USA",ChIJjRBu61OGbIcR7zH6J4HObrE
The Angry Clover,restaurants,"Denver, CO",(303) 693-4500,,https://theangryclover.com/,"15350 E Smoky Hill Rd, Aurora, CO 80015, USA",ChIJs6_m7PqIbIcRIK_C3dSeLBo
Coloradough Pizza,restaurants,"Denver, CO",(303) 997-5424,,http://coloradough-pizza.com/,"15430 E Smoky Hill Rd, Aurora, CO 80015, USA",ChIJnSck7fqIbIcRz765ozGz1j4
Alibaba Restaurant & Hookah Lounge,restaurants,"Denver, CO",(720) 335-6162,,https://alibabarestaurant.getbento.com/make-a-reservation/locations/alibabarestaurant,"16728 E Smoky Hill Rd # 10D, Centennial, CO 80015, USA",ChIJjzAlGb2JbIcRthHJMXPi6Kw
Toley’s on the Creek,restaurants,"Denver, CO",(720) 476-6783,,https://toleysonthecreek.com/,"16728 E Smoky Hill Rd #11c, Centennial, CO 80015, USA",ChIJMREpHoyJbIcR0yy-YJeiGHU
Formosa Garden Restaurant,restaurants,"Denver, CO",(303) 693-6290,,https://www.formosagardenrestaurant.com/,"16645 E Smoky Hill Rd, Aurora, CO 80015, USA",ChIJ2_L2yFaJbIcRL5vNTGGegS8
Mr. Taco,restaurants,"Denver, CO",(303) 568-9571,,https://www.mrtacocolorado.com/,"4590 S Reservoir Rd, Centennial, CO 80015, USA",ChIJxTFBGk-JbIcR7hKgIDkV8tc
Spice 8 Asian Kitchen,restaurants,"Denver, CO",(303) 690-8888,,https://spice8kitchen.com/,"4510 S Reservoir Rd, Centennial, CO 80015, USA",ChIJS5gv-2SJbIcRVskQE_8E46s
Foothills Restaurant & Event Venue,restaurants,"Denver, CO",(303) 728-2521,,https://www.foothillsrestaurant.co/foothills-home,"3901 S Carr St, Denver, CO 80235, USA",ChIJxxEkvU-Ba4cRUaYyJzkiHpw
Ft Logan Eatery,restaurants,"Denver, CO",(720) 772-1715,,https://housedworkingandhealthy.org/eatery/,"Oxford and Lowell, 3525 W Oxford Ave Unit G1, Denver, CO 80236, USA",ChIJM7Y-mGx_a4cR3i0YenxQS9Y
Monaghan's Bar and Grill,restaurants,"Denver, CO",(303) 789-7208,,https://m.facebook.com/Monaghans-Bar-and-Grill-563095003748497/,"3889 S King St, Denver, CO 80236, USA",ChIJjwQ64f1_a4cRB0X0E8-B0ic
El Camaron Loco,restaurants,"Denver, CO",(720) 541-1855,,,"3960 S Federal Blvd, Sheridan, CO 80110, USA",ChIJBV679K-BbIcRNBiz7aahTyQ
Wyatt's at Broken Tee,restaurants,"Denver, CO",(720) 207-5078,,http://www.wyattsbrokentee.com/,"2101 W Oxford Ave, Englewood, CO 80110, USA",ChIJM-z1YDmBbIcRBV-N0glVkGM
Mike's Cafe,restaurants,"Denver, CO",(303) 806-5138,,https://m.facebook.com/profile.php/?id=100054319849882,"4110 S Federal Blvd, Englewood, CO 80110, USA",ChIJtbf7OBuAbIcRzY22KQYKJb0
Grill At Broken Tee,restaurants,"Denver, CO",(303) 781-9328,,,"2101 W Oxford Ave, Englewood, CO 80110, USA",ChIJIxsNbxKAbIcRUbQoUKNvogs
Smokin' Outlaw Kitchen,restaurants,"Denver, CO",(303) 875-9943,,http://www.smokinoutlawkitchen.us/,"4211 S Natches Ct a, Englewood, CO 80110, USA",ChIJM-vmUXKBbIcRu8GdCegB12Y
Teriyaki Madness,restaurants,"Denver, CO",(720) 986-8623,,https://teriyakimadness.com/locations/co-sheridan/,"3960 River Point Pkwy C, Sheridan, CO 80110, USA",ChIJLYv4MWeBbIcRcNNwfVoCPHw
Grateful Plate,restaurants,"Denver, CO",(303) 905-3838,,https://www.gratefulplatedenver.com/about/,"4111 S Natches Ct Ste. A, Englewood, CO 80110, USA",ChIJHwvPPwCBbIcRMhPKANHFfPo
Chula on Broadway Cocina Mexicana,restaurants,"Denver, CO",(303) 993-7486,,https://chulaonbroadway.com/?utm_source=google,"3866 S Broadway, Englewood, CO 80113, USA",ChIJ3671w2KAbIcRouPho9AFxJ4
Pesto Italiano,restaurants,"Denver, CO",(720) 923-7960,,http://pestoitaliano.com/,"3999 S Broadway, Englewood, CO 80113, USA",ChIJk7QfqW2BbIcR16t8SiIS-fI
Asuka Ramen and Poke,restaurants,"Denver, CO",(303) 993-8281,,https://www.asukadtc.com/,"4011 S Broadway, Englewood, CO 80113, USA",ChIJL-8YaOmBbIcRWlIk00hsC_A
Full House Sports Bar and Grill,restaurants,"Denver, CO",(720) 485-4494,,https://fullhousebarandgrills.com/,"4272 S Broadway, Englewood, CO 80113, USA",ChIJH-MERmCAbIcRKBZBHsoerNE
The Dam Grille,restaurants,"Denver, CO",(303) 779-0805,,http://thedamgrille.com/,"8000 E Quincy Ave #1500, Denver, CO 80237, USA",ChIJkeVs4AWHbIcRi9ioXBw9G_U
shondiz mediterranean restaurant,restaurants,"Denver, CO",(720) 541-7742,,https://www.shondiz.com/?utm_source=google&utm_medium=local&utm_campaign=gbp&utm_content=website_button,"8000 E Quincy Ave Unit 1000, Denver, CO 80237, USA",ChIJuX6GDwaHbIcR1jlHTGH28bo
La Fogata - Quincy,restaurants,"Denver, CO",(720) 930-8004,,https://la-fogatadenver.com/,"8090 E Quincy Ave, Denver, CO 80237, USA",ChIJQS1BNAaHbIcRjeFhvvaYFHQ
FelFel Mediterranean,restaurants,"Denver, CO",(303) 586-5540,,https://www.felfel-usa.com/,"4401 S Tamarac Pkwy, Denver, CO 80237, USA",ChIJ-9O5cHOHbIcRYPNHEzaoavs
Flippin Birdz,restaurants,"Denver, CO",(623) 258-3965,,https://www.flippinbirdz.com/,"Denver, CO 80237, USA",ChIJKw2sWACHbIcRft33BuE5Vnw
South Garden,restaurants,"Denver, CO",(303) 770-1818,,https://www.smorefood.com/order-online/south-garden-restaurant-denver-80237-l1ypw017?utm_source=gmb&utm_medium=website,"8000 E Quincy Ave Unit 2400, Denver, CO 80237, USA",ChIJkeVs4AWHbIcR8u_kdbB75pQ
Casa Vallarta Express,restaurants,"Denver, CO",(720) 705-0927,,,"4238 S Parker Rd, Aurora, CO 80014, USA",ChIJ6yIDTwCJbIcRM_YusNwwtBY
Cherry Thai Cafe,restaurants,"Denver, CO",(303) 693-0825,,https://www.cherrythaicafeaurora.com/,"13710 E Quincy Ave, Aurora, CO 80015, USA",ChIJ6xJ1P-CJbIcRBjfsfTfUgsM
Casa Vallarta,restaurants,"Denver, CO",(303) 617-4957,,https://casavallartarestaurant.com/,"4002 S Parker Rd, Aurora, CO 80014, USA",ChIJq8wdWGGIbIcRgvZTHj0SNw4
mama josie,restaurants,"Denver, CO",(303) 690-6246,,https://order.online/business/mama-josie-cafe-creole-13103684,"4266 S Chambers Rd, Aurora, CO 80014, USA",ChIJ__8vEPiIbIcRqH3tbNYX-ug
Tacos Los Patroncitos,restaurants,"Denver, CO",(720) 765-2846,,,"16981 E Quincy Ave, Aurora, CO 80015, USA",ChIJeVpFJgSJbIcRTguUnElrzeY
Fuyu Sushi,restaurants,"Denver, CO",(303) 997-5869,,http://fuyusushi.com/,"16911 E Quincy Ave A4, Aurora, CO 80015, USA",ChIJYQwbgqmJbIcRNHTYBvRky3E
Wood Paddle Pizza & Tap,restaurants,"Denver, CO",(720) 398-8118,,https://www.woodpaddlepizza.com/,"17060 E Quincy Ave, Aurora, CO 80015, USA",ChIJsU9bCWCJbIcRe4z6dYaQKMQ
Thai Garden,restaurants,"Denver, CO",(303) 400-1173,,https://www.smorefood.com/order-online/thai-garden-aurora-80015-nj1somta?utm_source=gmb&utm_medium=website,"16911 E Quincy Ave Unit A7, Aurora, CO 80015, USA",ChIJ5Tv29waJbIcRtQBgzVDmXR8
Noodles and Company,restaurants,"Denver, CO",(303) 400-0947,,https://locations.noodles.com/co/aurora/4261-s-buckley-road?utm_campaign=soci&utm_medium=organic&utm_source=google,"4261 S Buckley Rd, Aurora, CO 80013, USA",ChIJMXkz2waJbIcRGUuGsnsAzps
La Reyna Azteca Tacos Y Tortas,restaurants,"Denver, CO",(720) 806-1076,,https://lareynaaztecaofficial.com/buckley/,"4335 S Buckley Rd, Aurora, CO 80015, USA",ChIJR2fkphCJbIcRpdcjl8W61IA
Sushi Totoro,restaurants,"Denver, CO",(303) 766-0045,,https://sushitotoro.net/?utm_source=google,"4243 S Buckley Rd, Aurora, CO 80013, USA",ChIJiRRS1ACJbIcRFNWe_sMUmm8
Mariscos el aguachiles 2,restaurants,"Denver, CO",(303) 847-6492,,https://www.mariscoselaguachile.com/,"19350 E Quincy Ave, Aurora, CO 80015, USA",ChIJCZE0M42JbIcR8Nd1rzDQdQA
JALIS-CO AMIGOS TAPATIOS,restaurants,"Denver, CO",(720) 751-3099,,http://www.jaliscobarbacoa.com/,"21609 E Quincy Ave, Aurora, CO 80015, USA",ChIJF_qoUDaLbIcRTDXsoHBaOe8
K+ Hotpot,restaurants,"Denver, CO",(303) 690-4066,,,"21699 E Quincy Ave A,B, Aurora, CO 80015, USA",ChIJJ8Shvy-LbIcRNEoCX0XybS4
McDonald's,restaurants,"Denver, CO",(720) 459-8650,,http://www.mcdonalds.com/?cid=RF:YXT:GMB::Clicks,"21659 E Quincy Ave, Aurora, CO 80013, USA",ChIJ3abKcJ2LbIcRSRTzVh9ynYc
Jose’s Street Tacos,restaurants,"Denver, CO",(720) 246-1471,,,"3505 S Kipling St, Lakewood, CO 80235, USA",ChIJm9RViQSBa4cRcF4lTN61IOY
The Rusty Bucket Bar and Grill,restaurants,"Denver, CO",(303) 980-6200,,http://the-rusty-bucket.com/,"3355 S Wadsworth Blvd, Lakewood, CO 80227, USA",ChIJGb_EeM2Ba4cRuTAAhGzoe9o
The Yabby Hut,restaurants,"Denver, CO",(303) 985-0231,,https://www.yabbyhut.com/,"3355 S Yarrow St E-131, Lakewood, CO 80227, USA",ChIJy-pl9c2Ba4cRGoVbgnTVT9o
The Crawling Crab,restaurants,"Denver, CO",(303) 522-1111,,https://www.thecrawlingcrab.us/,"3215 S Wadsworth Blvd, Lakewood, CO 80227, USA",ChIJbXip9SyBa4cRcTKefoToUkQ
Golden Plate II,restaurants,"Denver, CO",(303) 763-9028,,http://www.goldenplate2.com/,"9880 W Girton Dr, Denver, CO 80227, USA",ChIJY-5Ny-6Ba4cR0cqdb_FPvkc
Merced Cafe & Bar,restaurants,"Denver, CO",(720) 916-9382,,http://mercedcafeandbar-lakewood.com/,"9890 W Girton Dr Suite A, Lakewood, CO 80227, USA",ChIJn9YGdgCBa4cRGxwIx5cqQAw
El Tapatio Mexican Restaurant,restaurants,"Denver, CO",(303) 984-4423,,https://www.eltapatiomexicanrestaurants.biz/,"3601 S Wadsworth Blvd, Denver, CO 80235, USA",ChIJlaIafNSBa4cRQ24Pwg6EEEY
Cirque Kitchen and Spirits,restaurants,"Denver, CO",(920) 634-9195,,http://www.cirquekitchen.com/,"3497 South Wadsworth Boulevard, Lakewood, CO 80227, USA",ChIJJ1UF6xx5bIcRpp2kp9YuFYY
Peking-Tokyo Restaurant,restaurants,"Denver, CO",(303) 985-3040,,https://www.pekingtokyoexpresslakewood.com/,"3355 S Wadsworth Blvd, Lakewood, CO 80227, USA",ChIJ9cWOfNKBa4cRNjoICVq96QY
Meena's Restaurant & Catering,restaurants,"Denver, CO",(303) 993-5262,,https://meenasorderonline.com/,"9886 W Girton Dr # B, Lakewood, CO 80227, USA",ChIJS4Cok9yBa4cRRHmJCn4CS0o
Bangkok Thai Food 2,restaurants,"Denver, CO",(720) 964-1029,,https://www.bangkokthaifood2lakewood.com/,"3333 S Wadsworth Blvd #A101, Lakewood, CO 80227, USA",ChIJqew2ipKBa4cROHUVmrqM3pY
The Burger Den,restaurants,"Denver, CO",(303) 988-2762,,https://www.theburgerden.com/?utm_source=G&utm_medium=organic&utm_campaign=DAC,"3580 S Wadsworth Blvd, Lakewood, CO 80235, USA",ChIJQyJw8KGBa4cR50rhXx2OqLY
Denny's Restaurant,restaurants,"Denver, CO",(303) 988-2762,,https://locations.dennys.com/CO/LAKEWOOD/248716?utm_source=G&utm_medium=organic&utm_campaign=DAC,"3580 S Wadsworth Blvd, Lakewood, CO 80235, USA",ChIJkVT9X9OBa4cRBGm7lnkCrnI
Innsider Bar & Grill,restaurants,"Denver, CO",(303) 980-9200,,https://www.ihg.com/holidayinn/hotels/us/en/lakewood/denlw/hoteldetail/dining?cm_mmc=GoogleMaps-Dining,"7390 W Hampden Ave, Lakewood, CO 80227, USA",ChIJAT-ftSyAa4cR49xTOg8ifp0
Eeny Meeny Sushi Roll,restaurants,"Denver, CO",(303) 988-0870,,https://www.eenymeenysushiroll.com/,"3650 S Wadsworth Blvd, Lakewood, CO 80235, USA",ChIJ6QL4ldSBa4cRFIv-Q0vwJ_k
Reddy Claws,restaurants,"Denver, CO",(720) 428-8212,,https://reddyclaws.com/,"3234 S Wadsworth Blvd Unit #N, Lakewood, CO 80227, USA",ChIJqU7v-ZWBa4cRbpRPkyzmMLU
Old Chicago Pizza + Taproom,restaurants,"Denver, CO",(303) 988-3414,,https://oldchicago.com/locations/us/co/lakewood/3550-so-wadsworth-blvd/,"3550 S Wadsworth Blvd, Lakewood, CO 80235, USA",ChIJC49YXdOBa4cRxlHZLFaUhlE
Red Robin Gourmet Burgers and Brews,restaurants,"Denver, CO",(303) 989-8448,,http://www.redrobin.com/locations/co/lakewood/lakewood-203,"3244 S Wadsworth Blvd, Lakewood, CO 80227, USA",ChIJQ4gzcc2Ba4cRzFkE2s9uVvk
Sabor Express Mexican Grill,restaurants,"Denver, CO",(720) 218-9730,,,"5600 W Dartmouth Ave #107, Denver, CO 80227, USA",ChIJJ0tePgGBa4cRnWX_wJKt_1k
Doghouse Tavern,restaurants,"Denver, CO",(303) 936-1376,,http://www.doghouse-tavern.com/,"3100 S Sheridan Blvd, Denver, CO 80227, USA",ChIJUwi2ThmAa4cR8LB2a1mou9o
Jade Cafe,restaurants,"Denver, CO",(303) 985-3180,,http://www.jade.cafe/,"5600 W Dartmouth Ave #101, Denver, CO 80227, USA",ChIJN8AieiKAa4cR3Wfgpoenzn8
La keka,restaurants,"Denver, CO",(775) 240-0305,,,"Unnamed Road, Denver, CO 80227, USA",ChIJE7BMnGWBa4cRP--EGrpWucM
Pho 8 Vietnamese & Chinese Restaurant,restaurants,"Denver, CO",(303) 934-8802,,https://www.skiplinow.com/shop/873448k,"3100 S Sheridan Blvd Unit H, Denver, CO 80227, USA",ChIJyf7zFIOBa4cRh8IXUGvbJYI
Antojitos abby,restaurants,"Denver, CO",(720) 697-4643,,,"3431 S Federal Blvd Ste A, Englewood, CO 80110, USA",ChIJPXks-it_bIcRTVcOMxQNL-U
Mountain Crust Catering - Denver,restaurants,"Denver, CO",(720) 515-0917,,http://www.mountaincrust.com/?utm_source=gbp&utm_campaign=Denver,"3880 S Lowell Blvd unit b, Denver, CO 80236, USA",ChIJxVwcneZ9bIcRRT_y5EPr-SA
Home Cafe,restaurants,"Denver, CO",,,,"2640 W Hampden Ave, Englewood, CO 80110, USA",ChIJm3tTIQiAbIcRv8MMPv4Dc-M
Borderless Food Truck,restaurants,"Denver, CO",(720) 481-4810,,http://www.borderlessfoodtruck.com/,"2490 W Hampden Ave, Englewood, CO 80110, USA",ChIJNSkbQtZ5bIcR_YmcxjGRoFA
Taqueria y menuderia El Oso,restaurants,"Denver, CO",(720) 917-4638,,,"2504 W Hampden Ave, Sheridan, CO 80110, USA",ChIJG1-EUvuBbIcR1OhdrLHcKdI
Shifterz Bar & Grill,restaurants,"Denver, CO",(720) 750-5795,,https://shifterzbarandgrill.com/,"2490 W Hampden Ave, Sheridan, CO 80110, USA",ChIJD7s7UzGBbIcRxrVKOyotzUI
Chili's Grill & Bar,restaurants,"Denver, CO",(303) 781-7770,,https://www.chilis.com/locations/us/colorado/sheridan/sheridan-town-center?utm_source=google&utm_medium=local&utm_campaign=Chilis,"3860 River Point Pkwy, Sheridan, CO 80110, USA",ChIJNTXiGXOAbIcRpQQxvGafrJY
Parry's Pizzeria & Taphouse,restaurants,"Denver, CO",(720) 617-8484,,https://parryspizza.com/locations/sheridan/,"3840 River Point Pkwy, Sheridan, CO 80110, USA",ChIJYdyZKJmBbIcRNfKjMcmMLt0
Reel Cajun Seafood Restaurant,restaurants,"Denver, CO",(303) 955-4526,,https://reelcajunseafood.co/,"3820 River Point Pkwy Suite 104, Sheridan, CO 80110, USA",ChIJfSRR81qBbIcRJhK_eUMegtQ
Bout Time Pub & Grub,restaurants,"Denver, CO",(303) 761-1700,,http://bouttimepubco.com/,"3580 S Platte River Dr A, Sheridan, CO 80110, USA",ChIJJc5YpHWAbIcR3X9qj2pQqJ0
The South Restaurant,restaurants,"Denver, CO",(303) 789-9833,,https://thesouthrestaurant.com/,"3535 S Huron St, Englewood, CO 80110, USA",ChIJwQqI4HmAbIcR2nyl6IqZVpo
The Barn South Broadway,restaurants,"Denver, CO",(303) 242-4587,,https://www.thebarnsobo.com/,"3299 S Broadway, Englewood, CO 80113, USA",ChIJF3x8s2eBbIcRjj1aBBlNA2k
Wapos Cantina Englewood,restaurants,"Denver, CO",(720) 756-1674,,https://waposcantina.com/,"3495 S Broadway, Englewood, CO 80113, USA",ChIJ1Q5FgLCBbIcRwErX6xRkhfo
fellow traveler,restaurants,"Denver, CO",(303) 635-6621,,http://www.ftbar.com/,"3487 S Broadway, Englewood, CO 80113, USA",ChIJNyXP3YKBbIcRenxp2CTQzn8
Cafe 180,restaurants,"Denver, CO",(720) 289-0799,,http://cafe180.org/,"3315 S Broadway, Englewood, CO 80113, USA",ChIJwRJson-AbIcRja26ATZLWO0
Breakfast Queen,restaurants,"Denver, CO",(303) 761-9800,,http://thebreakfastqueen.com/,"3460 S Broadway, Englewood, CO 80113, USA",ChIJu-XeQH6AbIcRdw0YnMV0juk
The Meltdown,restaurants,"Denver, CO",(720) 994-5882,,https://themeltdown.com/?utm_source=G&utm_medium=organic&utm_campaign=DAC,"275 W Hampden Ave, Englewood, CO 80110, USA",ChIJ79n4R5aBbIcROga4AwLV3w4
The Crab House,restaurants,"Denver, CO",(720) 328-9688,,https://thecrabhouseco.com/,"3299 S Broadway B, Englewood, CO 80113, USA",ChIJNXHERHyBbIcR-lem4SbEqqg
Sukiya Ramen,restaurants,"Denver, CO",(720) 520-1571,,http://sukiyaramen.com/,"3401 S Broadway Unit 120, Englewood, CO 80113, USA",ChIJZXV31oqBbIcR_GwsHX28UH0
ZOMO,restaurants,"Denver, CO",(720) 739-8882,,http://zomoeats.com/,"3457 S Broadway, Englewood, CO 80113, USA",ChIJxxOdtAOBbIcRj0Kx2Lg6SwE
Gallo Italian Supper Club and Bakery,restaurants,"Denver, CO",(303) 353-9917,,https://gallosupperclub.com/,"3470 S Broadway, Englewood, CO 80113, USA",ChIJOej0QX6AbIcR13gM7ssoBLw
Steakhouse 10,restaurants,"Denver, CO",(303) 789-0911,,https://thesteakhouse10.com/,"3517 S Elati St, Englewood, CO 80110, USA",ChIJg1VxbXmAbIcRR5iO-1nOtLw
Brewability,restaurants,"Denver, CO",(720) 484-5341,,https://www.brew-ability.com/,"3445 S Broadway, Englewood, CO 80113, USA",ChIJYVJ6jbRkbIcRtFN_cfZ6aPo
One Barrel American Bistro & Wine Bar,restaurants,"Denver, CO",(720) 667-4781,,https://theonebarrel.com/,"3401 S Broadway # 110, Englewood, CO 80113, USA",ChIJD1rR8EWBbIcRcIUSagghuCk
Denny's Restaurant,restaurants,"Denver, CO",(720) 806-0988,,https://locations.dennys.com/CO/ENGLEWOOD/249664?utm_source=G&utm_medium=organic&utm_campaign=DAC,"275 W Hampden Ave, Englewood, CO 80110, USA",ChIJibjMyX6AbIcRKM8JqHejuu8
Tomasa & Elizabeth’s Burritos and Stuff,restaurants,"Denver, CO",(720) 938-0768,,https://restaurantsfoodnearme.com/breakfast-burrito-near-me-englewood-colorado,"3232 S Broadway Street vendor, 3232 S Broadway, Englewood, CO 80113, USA",ChIJN-6ROgmBbIcRd9gbkQGJuuQ
Rico's Pizzeria & Italian Kitchen,restaurants,"Denver, CO",(303) 781-0541,,http://broadway.ricos-pizzeria.com/,"3500 S Broadway, Englewood, CO 80113, USA",ChIJtdyNcn6AbIcRZSyqQIRznTY
Aki Japanese Cuisine,restaurants,"Denver, CO",(303) 781-2922,,https://akisushico.com/,"3484 S Broadway, Englewood, CO 80113, USA",ChIJAQAUa36AbIcRwtBusLBS4vw
Noodles and Company,restaurants,"Denver, CO",(303) 781-0225,,https://locations.noodles.com/co/englewood/697-w-hampden-ave?utm_campaign=soci&utm_medium=organic&utm_source=google,"697 W Hampden Ave, Englewood, CO 80110, USA",ChIJ7Tg1tnmAbIcRfzV_YoJYX_g
Moe's Original BBQ and Bowling,restaurants,"Denver, CO",(303) 781-0414,,https://moesdenver.com/?utm_source=google,"3295 S Broadway, Englewood, CO 80113, USA",ChIJj1Hmun-AbIcRVfbSj-S9o0o
Felt,restaurants,"Denver, CO",(720) 266-6190,,http://www.feltbar.com/,"101 W Floyd Ave, Englewood, CO 80110, USA",ChIJBRpGcH-AbIcRYZkE9Sf_TTE
Spicy Basil,restaurants,"Denver, CO",(303) 761-7888,,http://spicybasilenglewood.com/,"3299 S Broadway, Englewood, CO 80113, USA",ChIJXbs9m3-AbIcRGS1sJuM-Rc4
Tokyo Joe's - Englewood,restaurants,"Denver, CO",(303) 806-0112,,http://tokyojoes.com/,"901 W Hampden Ave, Englewood, CO 80110, USA",ChIJ7UUPoXeAbIcRPmfpvsBDECA
Beirut Grill & Sushi Restaurant,restaurants,"Denver, CO",(303) 781-0808,,http://www.beirutdenver.com/,"203 W Hampden Ave, Englewood, CO 80110, USA",ChIJSz0OyxSBbIcREUZN3Uy9DAs
Damascus Grill & Cafe,restaurants,"Denver, CO",,,,"Englewood, CO 80113, USA",ChIJgU3z0YCAbIcRc8h8KMXbU_Q
Los Compitas,restaurants,"Denver, CO",(720) 236-4038,,https://loscompitasco.com/,"400 Englewood Pkwy, Englewood, CO 80110, USA",ChIJwz4PiNuBbIcR7ugjViZrxAI
Pizzability,restaurants,"Denver, CO",(303) 598-0809,,https://www.brew-ability.com/,"3445 S Broadway, Englewood, CO 80113, USA",ChIJDezJm9p_bIcRfknIgNPhytg
Texas Roadhouse,restaurants,"Denver, CO",(303) 761-7427,,https://www.texasroadhouse.com/locations/colorado/sheridan?utm_source=listing&utm_medium=search,"3696 S Natches Ct, Sheridan, CO 80110, USA",ChIJ-16TF3SAbIcRtP4tN1TD4Xs
Garibaldi Mexican Bistro,restaurants,"Denver, CO",(303) 781-0812,,https://www.garibaldimexican.com/,"3298 S Broadway B, Englewood, CO 80113, USA",ChIJFYNwi3-AbIcRwtcks6Ehtdg
Penn Street Kitchen,restaurants,"Denver, CO",(720) 600-6860,,https://www.pennstreetkitchen.com/,"500 E Hampden Ave Suite #100, Englewood, CO 80113, USA",ChIJXbhjK-eBbIcRFPW61DWpatg
Aloy Thai Eatery -Cherry Hills Village,restaurants,"Denver, CO",(720) 639-4840,,https://www.aloythai.com/,"1400 E Hampden Ave Suite 100, Englewood, CO 80113, USA",ChIJpX5tbEWBbIcRbrYWJaFhekc
Undici Ristorante,restaurants,"Denver, CO",(303) 761-2828,,https://www.undicidenver.com/,"1200 E Hampden Ave, Englewood, CO 80113, USA",ChIJz-78SZuAbIcRTi0u9y3YyQI
Pino's Place,restaurants,"Denver, CO",(303) 761-9917,,http://pinosplacepizzeria.com/,"1400 E Hampden Ave Suite 140, Cherry Hills Village, CO 80113, USA",ChIJcWAIp5uAbIcR_YpnY6Ls-b4
V Revolution,restaurants,"Denver, CO",(303) 781-2296,,https://vrevolutionusa.com/,"3570 S Logan St, Englewood, CO 80113, USA",ChIJhcAEliiBbIcR8aygPw5huME
Work & Class,restaurants,"Denver, CO",(720) 535-7217,,https://www.workandclassdenver.com/,"900 E Hampden Ave, Englewood, CO 80113, USA",ChIJywO8r1WBbIcRoGID4eW32Sw
Bosphorus,restaurants,"Denver, CO",(303) 942-1267,,,"3493 S Downing St, Englewood, CO 80113, USA",ChIJe7OHC--BbIcR1OHPmQEJsus
Aung's Bangkok Cafe,restaurants,"Denver, CO",(303) 806-9354,,http://aungsbangkokcafe.com/,"1225 E Hampden Ave, Englewood, CO 80113, USA",ChIJv3XJR5uAbIcRsc2x1txb34I
Cherry Hills Sushi Co.,restaurants,"Denver, CO",(303) 761-1559,,https://cosushico.com/,"1400 E Hampden Ave #110, Cherry Hills Village, CO 80113, USA",ChIJiwxXppuAbIcRsE3rpjK3DNg
Cochino Taco,restaurants,"Denver, CO",(720) 573-6174,,https://www.cochinotaco.com/englewood,"3495 S Downing St, Englewood, CO 80113, USA",ChIJL8DDTJuAbIcR4kU4_0OtEsM
Osteria Alberico,restaurants,"Denver, CO",(303) 970-8840,,https://www.osteriaalberico.com/,"3455 S University Blvd, Englewood, CO 80113, USA",ChIJEWGg8AeBbIcRIxHpsp2a-eQ
Modern Market Eatery - Cherry Hills,restaurants,"Denver, CO",(720) 358-2062,,https://modernmarket.com/,"3475 S University Blvd Suite A, Englewood, CO 80113, USA",ChIJ24ZOUqKAbIcRxWweSgMaWZ4
Birdcall,restaurants,"Denver, CO",(720) 799-8911,,http://eatbirdcall.com/,"4996 E Hampden Ave, Denver, CO 80222, USA",ChIJ6eROdv6HbIcR4cWOvNkDsyc
Duffeyroll Bakery Cafe,restaurants,"Denver, CO",(303) 753-9177,,http://www.duffeyrolls.com/,"4994 E Hampden Ave, Denver, CO 80222, USA",ChIJF0SJr0-HbIcR5SMLmSLOpWo
Tai Tai Japanese,restaurants,"Denver, CO",(720) 287-4321,,http://taitaijapanese.com/,"5078 E Hampden Ave, Denver, CO 80222, USA",ChIJaSmavjaHbIcRv3f5rkgEOaU
TIKI BAR,restaurants,"Denver, CO",(720) 951-3573,,https://tiki-bar.my.canva.site/,"3415 S Monaco St Pkwy, Denver, CO 80222, USA",ChIJua8IrmmHbIcRSqdNqGC28H8
AHUMADOS EL ROLO,restaurants,"Denver, CO",(505) 738-9518,,https://ahumadoselroloco.com/,"3415 S Monaco St Pkwy, Denver, CO 80222, USA",ChIJL7nzHACHbIcRBY93nVkW-js
The Bagel Deli & Restaurant,restaurants,"Denver, CO",(303) 756-6667,,https://www.bageldeli.com/,"6439 E Hampden Ave, Denver, CO 80222, USA",ChIJA87ptWmHbIcROsWWBPbl9cw
Noodles and Company,restaurants,"Denver, CO",(303) 759-3817,,https://locations.noodles.com/co/denver/6300-east-hampden?utm_campaign=soci&utm_medium=organic&utm_source=google,"6300 E Hampden Ave, Denver, CO 80222, USA",ChIJ_XTubEKHbIcRo8hq9iKrPB4
Taziki's Mediterranean Cafe - Hampden,restaurants,"Denver, CO",(720) 310-1970,,https://www.tazikis.com/location/hampden/,"6345 E Hampden Ave #101, Denver, CO 80222, USA",ChIJ8Sz1c0KHbIcRYRksqjLQ9B4
Mian Fresh Noodle Bar,restaurants,"Denver, CO",(720) 726-7841,,https://mian.smartonlineorder.com/,"7350 E Hampden Ave B2, Denver, CO 80231, USA",ChIJsZBFaVyHbIcR_-iduArcy8s
New York Deli News,restaurants,"Denver, CO",(303) 759-4741,,https://nydelinews.com/,"7105 E Hampden Ave, Denver, CO 80224, USA",ChIJVbugfm6HbIcRQJ7P_Hf7dhc
Mika sushi 5,restaurants,"Denver, CO",(720) 389-7631,,http://mikasushi5.com/,"7400 E Hampden Ave C6, Denver, CO 80231, USA",ChIJnXDDPkqHbIcRvw1nul1cezo
Benihana - Denver,restaurants,"Denver, CO",(303) 750-0200,,https://www.benihana.com/locations/denver/?utm_source=google&utm_medium=organic&utm_campaign=gbp,"3295 S Tamarac Dr, Denver, CO 80231, USA",ChIJAwmjf3CHbIcR-PU5UM7STVc
Las Caras LLC,restaurants,"Denver, CO",(303) 752-3753,,https://lascarasmexicangrill.com/,"3333 S Tamarac Dr, Denver, CO 80231, USA",ChIJXW6jf3CHbIcRwZWlQDPNWp4
Marco's Pizza,restaurants,"Denver, CO",(303) 951-2880,,https://www.marcos.com/,"7800 E Hampden Ave #52, Denver, CO 80237, USA",ChIJa-L5PrmHbIcRhws_IL1Y-NA
The Hound,restaurants,"Denver, CO",(303) 694-0454,,http://thehoundpub.com/,"3575 S Yosemite St, Denver, CO 80237, USA",ChIJRV67naKHbIcRNaCuzpdeiyY
Zane's Italian Bistro,restaurants,"Denver, CO",(303) 770-3100,,http://www.zanesbistro.com/,"3535 S Yosemite St, Denver, CO 80237, USA",ChIJETo3FP-GbIcRrnxHyHgkxX4
Tuk Tuk Thai Grill DTC,restaurants,"Denver, CO",(720) 200-4041,,http://www.tuktukrocks.com/,"8000 E Quincy Ave, Denver, CO 80237, USA",ChIJkeVs4AWHbIcRCfPrdEOx7Jw
"Phở Bờm, Vietnamese Noodle & Grill",restaurants,"Denver, CO",(303) 843-6080,,http://phobomdenver.com/,"8800 E Hampden Ave, Denver, CO 80231, USA",ChIJrYNF05iHbIcRrLSG5o5cuyM
DIJLAH RESTAURANT,restaurants,"Denver, CO",(983) 204-4743,,,"10021 E Hampden Ave, Denver, CO 80231, USA",ChIJt5W3M_aHbIcRRL2kQ_tNlAs
Taco Star,restaurants,"Denver, CO",(720) 716-4840,,https://tacostarhampden.com/,"8950 E Hampden Ave, Denver, CO 80231, USA",ChIJhbZ9MgCHbIcRi2aXgPxB8tg
La Reyna Azteca,restaurants,"Denver, CO",(720) 669-3730,,https://lareynaaztecaofficial.com/hampden/,"9865 E Hampden Ave, Denver, CO 80231, USA",ChIJ76YcATeHbIcR571uhtZVVm8
"INDIA'S Restaurant, Denver",restaurants,"Denver, CO",(303) 755-4284,,https://indiasrestaurant.com/?utm_source=google,"8921 E Hampden Ave, Denver, CO 80231, USA",ChIJXW6jf3CHbIcRWQ4_JUkI8Pg
Ultra Lounge East,restaurants,"Denver, CO",(720) 551-4626,,https://ultraloungeco.com/,"9755 E Hampden Ave, Denver, CO 80231, USA",ChIJY_SsjMeHbIcRBObb3puiYQ8
Denver Doughboy Woodfired Pizza (pizza food truck),restaurants,"Denver, CO",(720) 661-1800,,https://denverdoughboy.net/,"3435 S Yosemite St, Denver, CO 80231, USA",ChIJ-wj_bgBjbIcRGbiUDe-yyEc
Sweet Encanto,restaurants,"Denver, CO",(720) 642-4495,,https://sweetencantoco.com/,"10101 E Hampden Ave #103, Denver, CO 80231, USA",ChIJn1iERLeHbIcR6TC8qtazo_A
PaLante Español,restaurants,"Denver, CO",(786) 740-7208,,,"3350 S Kenton St #3310, Denver, CO 80014, USA",ChIJOZu0hRGHbIcRKS9CI91g9SQ
Pho Real Saigon,restaurants,"Denver, CO",(303) 752-1065,,https://www.phorealsaigon.com/,"10009 E Hampden Ave, Denver, CO 80231, USA",ChIJJzKrHEiHbIcRg11YvITSVEg
Pupusas Y Tacos Los Reyes,restaurants,"Denver, CO",(303) 537-4922,,http://pupusasytacos.com/,"10101 E Hampden Ave #108, Denver, CO 80231, USA",ChIJC4Q6SiqHbIcR74PsXp1LaHQ
Goyos Grill,restaurants,"Denver, CO",(720) 882-5900,,https://www.instagram.com/goyos_grill_llc/,"10101 E Hampden Ave, Denver, CO 80231, USA",ChIJwS3kJ_yHbIcRC3pNiCHLk_E
Duffers Bar and Grille - Meadow Hills,restaurants,"Denver, CO",(303) 326-8452,,https://duffersbarandgrille.com/,"3609 S Dawson St, Aurora, CO 80014, USA",ChIJdZeE4UKIbIcRlQ41qJ5pxAo
Winchell's Donut House,restaurants,"Denver, CO",(303) 693-3164,,https://www.winchellsauroracolorado.com/,"15195 E Hampden Ave, Aurora, CO 80014, USA",ChIJlRcVskWIbIcRmFk-flRciYU
Arepas Queen,restaurants,"Denver, CO",(303) 619-6029,,,"15351 E Hampden Ave, Aurora, CO 80013, USA",ChIJYYzg5riJbIcRVMdq13cKSXQ
Los Parceros Colombian Restaurant,restaurants,"Denver, CO",(303) 862-7039,,,"15473 E Hampden Ave A, Aurora, CO 80013, USA",ChIJtwVaUQx8bIcRuftRCJNYllg
The Wing Hut Aurora,restaurants,"Denver, CO",(303) 699-9464,,https://www.winghutaurora.com/,"15473 E Hampden Ave, Aurora, CO 80013, USA",ChIJwV6oHU-IbIcRol6ibMmOgF4
Cascade Eastern European Cuisine,restaurants,"Denver, CO",(303) 619-6858,,http://cascademedcuisine.com/,"15264 E Hampden Ave, Aurora, CO 80014, USA",ChIJOXOgzKuHbIcRqi_PrXhyCvQ
Pupusas Paradise,restaurants,"Denver, CO",(303) 862-8652,,http://pupusasparadise.com/,"15462 E Hampden Ave, Aurora, CO 80013, USA",ChIJ-61oqU-IbIcRRU5-lwy5sUA
Golden Wok,restaurants,"Denver, CO",(303) 766-1489,,https://goldenwok.top/,"15280 E Hampden Ave, Aurora, CO 80014, USA",ChIJleqNgEWIbIcRNho1kxNxm6A
El Perro Escondido,restaurants,"Denver, CO",(303) 319-1787,,https://elperroescondido.com/,"15351 E Hampden Ave, Aurora, CO 80013, USA",ChIJnXkFGqaJbIcR9iMQQ8RtoJ4
Tacos La Morenita Llc,restaurants,"Denver, CO",(720) 379-3058,,https://www.tacoslamorenita.com/,"15493 E Hampden Ave D, Aurora, CO 80013, USA",ChIJ0amLyIeJbIcRyDBXu3I9HCI
Dillon's Dumpling House,restaurants,"Denver, CO",(303) 862-5728,,https://www.dillonsdumplinghouse.com/,"3571 S Tower Rd Unit G, Aurora, CO 80013, USA",ChIJl2lROpeJbIcR8WkBw-sktDw
Yo Mommas Cantina,restaurants,"Denver, CO",(720) 512-2767,,https://yomommascantina.com/?utm_source=google,"18648 E Hampden Ave, Aurora, CO 80013, USA",ChIJdbArFJyJbIcRUJb_yyt44B8
The Jackalope Tavern,restaurants,"Denver, CO",(303) 690-2705,,https://www.thejackalopetavern.com/,"18581 E Hampden Ave #134, Aurora, CO 80013, USA",ChIJe86Ly8KJbIcRI_t7TgikjjY
Pearl of Siam,restaurants,"Denver, CO",(303) 617-7408,,http://pearlofsiam.net/,"18660 E Hampden Ave, Aurora, CO 80013, USA",ChIJTcWFnZmJbIcRtYETzbe4zjA
Village Inn,restaurants,"Denver, CO",(303) 627-1392,,https://www.villageinn.com/aurora-co-seven-hills,"18601 E Hampden Ave, Aurora, CO 80013, USA",ChIJR2rymZmJbIcRH5TMpk2GstE
Golden Flame Hot Wings,restaurants,"Denver, CO",(303) 690-1171,,http://gfhwings.com/,"18757 E Hampden Ave #156, Aurora, CO 80013, USA",ChIJ1VcXgJmJbIcRZbXPlpWqK8c
HoneyBee Asian Bistro & Sushi,restaurants,"Denver, CO",(303) 400-6117,,http://www.honeybeeasianbistro.com/,"18541 E Hampden Ave Ste 126, Aurora, CO 80013, USA",ChIJKfO1pZmJbIcRqWu2X-yioXc
Taqueria Jalisco Mexican Grill,restaurants,"Denver, CO",(720) 870-5980,,https://taqueriaco.top/,"18581 E Hampden Ave Ste 132, Aurora, CO 80013, USA",ChIJXfdmn5mJbIcRPiJuQnB3H2U
Ecos de México,restaurants,"Denver, CO",(720) 309-5192,,https://www.ecosdemexico24.com/,"3101 S Kipling St, Lakewood, CO 80227, USA",ChIJdaQoqN6Ba4cRcaW4hoonhG4
SmallTown Pizza Co,restaurants,"Denver, CO",(303) 984-4722,,https://www.smalltown-pizza-co.com/,"2740 S Wadsworth Blvd Unit A, Denver, CO 80227, USA",ChIJ6aSWLkiBa4cRRlF0XA--d_Y
The Garlic Knot - Bear Creek,restaurants,"Denver, CO",(303) 980-5668,,https://garlicknotco.com/,"3200 S Wadsworth Blvd A, Lakewood, CO 80227, USA",ChIJN25A4cyBa4cRwyQf2VzpO-c
Falafel House & Grill,restaurants,"Denver, CO",(303) 955-2642,,https://falafelhouseorderonline.com/,"3214 S Wadsworth Blvd f, Denver, CO 80227, USA",ChIJfXMh48yBa4cRcanwW-C5U88
Village Inn,restaurants,"Denver, CO",(303) 985-3608,,https://www.villageinn.com/lakewood-co-wadsworth-and-eastman,"3160 S Wadsworth Blvd, Lakewood, CO 80227, USA",ChIJ1fRxacuBa4cRjBkfqXaY_a0
1.35 N UP A Scoop Chinese Restaurant,restaurants,"Denver, CO",(303) 781-7328,,https://www.135scoop.com/,"3494 S Federal Blvd, Englewood, CO 80110, USA",ChIJ4XEe6_1_bIcRJe5Zd9H1zI4
El Sabor De Mi Puebla,restaurants,"Denver, CO",(720) 723-9200,,https://www.facebook.com/profile.php?id=100063767044190&mibextid=ZbWKwL,"2804 S Federal Blvd, Denver, CO 80236, USA",ChIJtY7VmP5_bIcR73OEZOptkDc
Barbacoa El Oso,restaurants,"Denver, CO",(720) 697-3942,,,"3000 S Federal Blvd, Denver, CO 80236, USA",ChIJ_95PURV_bIcR_g5CbDzP73E
Breakfast On Broadway,restaurants,"Denver, CO",(303) 788-9998,,http://www.breakfastonbroadway.com/,"2901 S Broadway, Englewood, CO 80113, USA",ChIJQ56nuTF-bIcRrOlx4EmYaM4
El Tejado Denver,restaurants,"Denver, CO",(303) 722-3987,,https://eltejadomexicanrestaurants.net/,"2651 S Broadway, Denver, CO 80210, USA",ChIJ41LjbM1_bIcRmM3WPCcU4Yk
Blazing Bird (Englewood),restaurants,"Denver, CO",(720) 476-3849,,http://www.theblazingbird.com/,"2950 S Broadway b, Englewood, CO 80113, USA",ChIJjRoh-lt_bIcROI0VJjeSZO4
Colore Italian Restaurant - Broadway (Englewood),restaurants,"Denver, CO",(303) 761-4332,,https://coloreitalian.com/,"2700 S Broadway, Englewood, CO 80113, USA",ChIJsyIGn9J_bIcRAbtDte41_7M
Wok Spicy 川天地,restaurants,"Denver, CO",(303) 226-0145,,https://wokspicy.com/,"3021 S Broadway, Englewood, CO 80113, USA",ChIJ6aUcS_B_bIcRLZxtXJkBxGU
Chop Shop Casual Urban Eatery,restaurants,"Denver, CO",(720) 550-7665,,https://www.coloradochopshop.com/,"3150 S Broadway, Englewood, CO 80113, USA",ChIJR4tB1Lx_bIcRNQyOaqbDN9w
Masala and Curry Englewood colorado,restaurants,"Denver, CO",(303) 484-1535,,https://themasalaandcurry.com/?utm_source=google,"2796 S Broadway, Englewood, CO 80113, USA",ChIJbcCOHQB_bIcRqV7v4tFatoc
Miyako Ramen Spot Japanese Restaurant,restaurants,"Denver, CO",(303) 658-0940,,https://www.miyakoramenspot.com/,"2950 S Broadway a2, Englewood, CO 80113, USA",ChIJ-X5SaNN_bIcRPHHFxu0nFjo
Trompeau Bakery + Cafe,restaurants,"Denver, CO",(303) 777-7222,,https://www.trompeau-bakery.com/,"2950 S Broadway, Englewood, CO 80113, USA",ChIJqSdQPD9-bIcRBja6rPhs18I
Encore Ghost Kitchen,restaurants,"Denver, CO",(303) 707-0909,,,"3139 S Broadway, Englewood, CO 80113, USA",ChIJHZhQCvJ_bIcRa-tgEoTTA_g
Jimano's Pizzeria,restaurants,"Denver, CO",(303) 789-0909,,https://www.jimanos.com/locations/englewood/?utm_source=google&utm_medium=gmb,"2950 S Broadway, Englewood, CO 80113, USA",ChIJ-X5SaNN_bIcRAsZ5NT6CmGk
Pasta Point,restaurants,"Denver, CO",,,,"3531 S Logan St, Englewood, CO 80113, USA",ChIJE8BozZOBbIcRiJFpQbUWCEw
Hamburger Stand,restaurants,"Denver, CO",(720) 693-0386,,https://www.hamburgerstand.com/location/dartmouth-broadway-englewood-3100-south-broadway-co-80110/?utm_source=google&utm_medium=profiles&utm_campaign=local_profiles,"3100 S Broadway, Englewood, CO 80113, USA",ChIJkWbh49R_bIcRcQYH0-QUd4c
Bistro King Asian Restaurant,restaurants,"Denver, CO",(303) 781-9898,,https://www.bistrokingonline.com/,"3542 S Fox St, Englewood, CO 80110, USA",ChIJe4L-d3mAbIcRheHtwaVFXaY
The Tea Hive,restaurants,"Denver, CO",,,https://theteahiveco.com/,"2870 S Broadway, Englewood, CO 80113, USA",ChIJ8xd1BQZ_bIcRDLpUhW-G7Cs
Los Portales Mexican Restaurant,restaurants,"Denver, CO",(303) 789-6092,,https://losportalescolorado.net/englewood/index.html,"3483 S Logan St, Englewood, CO 80113, USA",ChIJAS1P0YCAbIcR8ZlbPSxcg2o
Sizzle Mediterranean Grill,restaurants,"Denver, CO",(720) 949-2649,,http://sizzlemediterraneangrill.com/,"2720 S Colorado Blvd #704, Denver, CO 80222, USA",ChIJZx8kMmd_bIcREY89q9ZpLDQ
Cafe de France,restaurants,"Denver, CO",(720) 489-4428,,http://www.cafedefrancedtc.com/,"2730 S Colorado Blvd, Denver, CO 80222, USA",ChIJ1ztJlfSGbIcRIIGyeMjWaIY
Mika sushi 3,restaurants,"Denver, CO",(303) 756-6098,,http://www.mikasushi3denver.com/,"2730 S Colorado Blvd #118, Denver, CO 80222, USA",ChIJb9EXB0l9bIcRRFwiRZGBDoo
GOLDEN FALAFEL,restaurants,"Denver, CO",(303) 756-0505,,https://goldenfalafelrestaurant.com/,"6460 EAST YALE AVENUE SUITE G20A, Denver, CO 80222, USA",ChIJx1CaBWmHbIcRQlaYwz0AH-Q
Mile High Tikka Express Food Truck,restaurants,"Denver, CO",(701) 818-1349,,https://milehightikkaexpress.com/,"Denver, CO 80231, USA",ChIJtWptbQCHbIcRNKoOb4Qhc5E
Jhonkayahphu,restaurants,"Denver, CO",(480) 495-6847,,,"8600 E Hampden Ave, Denver, CO 80237, USA",ChIJJa-CBSaHbIcRRQGj0TfIUHU
Leezakaya,restaurants,"Denver, CO",(720) 769-6595,,http://leezakaya.com/,"2710 S Havana St, Aurora, CO 80014, USA",ChIJL9jxR0CHbIcRLZdUUVVPNkE
TK's Surf & Turf Kitchen,restaurants,"Denver, CO",(720) 398-8453,,https://www.tkssurfandturfkitchen.com/,"10890 E Dartmouth Ave #13, Denver, CO 80014, USA",ChIJAeRMzcSHbIcRBE_LkS2gX2c
RD's BBQ & Soul Food,restaurants,"Denver, CO",(720) 398-7520,,https://rdsbbq1.net/,"Pavilion Tower One, 2851 S Parker Rd Ste 30, Aurora, CO 80014, USA",ChIJmwwapzSHbIcR8arkaxXbTcw
The Juicy Seafood,restaurants,"Denver, CO",(720) 808-3138,,http://thejuicyseafoodusaco.com/,"2727 S Parker Rd, Aurora, CO 80014, USA",ChIJTccg0UiHbIcRcOYzZUYDO7U
Taste of Back Home,restaurants,"Denver, CO",(720) 681-2894,,,"3035 S Parker Rd ste 150, Aurora, CO 80014, USA",ChIJ4ytTn2Z_bIcROCfAXaWC-JM
Old Town Hot Pot,restaurants,"Denver, CO",(303) 658-0870,,https://www.oldtownhotpotco.com/,"2852 S Havana St, Aurora, CO 80014, USA",ChIJsWOHkdWHbIcRqoH0LDHLNfk
Aria International Market,restaurants,"Denver, CO",(720) 693-9297,,,"10890 E Dartmouth Ave unit 7+8, Denver, CO 80014, USA",ChIJ776OSwCHbIcRDnXxJedQAX4
One More Noodle,restaurants,"Denver, CO",(720) 536-5656,,http://www.onemorenoodle.com/,"2781 S Parker Rd, Aurora, CO 80014, USA",ChIJ97VJc0qHbIcRiaHIQvUtXV8
KBee's La Cocina De Mama,restaurants,"Denver, CO",(720) 327-9108,,https://www.instagram.com/kbees_la.cocina.de.mama?igsh=azhqZ2w2d2liNWM5,"Market Place Parking Lot, 3033 S Parker Rd, Aurora, CO 80014, USA",ChIJV_nJAgCHbIcR7aJiwX9zQwg
Mr. Tang,restaurants,"Denver, CO",(303) 955-2273,,https://mr-tang.com/,"2680 S Havana St Unit M, Aurora, CO 80014, USA",ChIJubZEs46HbIcRlijHoU75VOI
Moobongri BBQ,restaurants,"Denver, CO",(303) 593-2327,,http://moobongribbq.com/,"2630 S Parker Rd Unit C, Aurora, CO 80014, USA",ChIJNbVCd2SHbIcRPYaSo1hOnlg
Omar Khayyam,restaurants,"Denver, CO",(303) 750-4326,,https://www.clover.com/online-ordering/omar-khayyam-denver,"Parking lot, 10890 E Dartmouth Ave #13, Denver, CO 80014, USA",ChIJIw0a2-6HbIcRTnqYtkHZENM
Moobongri Soondae (무봉리 토종 순대국),restaurants,"Denver, CO",(720) 696-7188,,https://moobongriusa.com/,"2787 S Parker Rd, Aurora, CO 80014, USA",ChIJf0_OJuWHbIcRiyc7tFZRFS4
Watan Restaurant & Bakery,restaurants,"Denver, CO",(720) 960-2226,,https://watanrestaurantbakery.com/,"2680 S Havana St Unit AA, Aurora, CO 80014, USA",ChIJbQu9KIt9bIcRfV2OfMX0scQ
GOLDEN SAIGON Restaurant,restaurants,"Denver, CO",(303) 671-7100,,http://goldensaigon.com/,"2648 S Parker Rd Unit 2, Aurora, CO 80014, USA",ChIJP1Q4T_GHbIcRIMs-ec8CEx0
진흥각,restaurants,"Denver, CO",(303) 369-7147,,,"2771 S Parker Rd, Aurora, CO 80014, USA",ChIJxQ5mLUmHbIcR9oJHNyF1j2U
EL TEQUILEÑO Family Mexican Restaurant,restaurants,"Denver, CO",(720) 748-1260,,https://www.eltequilenomexrest.com/,"2790 S Havana St X1, Aurora, CO 80014, USA",ChIJ-9KctfOHbIcRxm3gGKqc_MY
Family Karaoke 노래방,restaurants,"Denver, CO",(303) 755-5658,,http://www.facebook.com/familykaraokeco,"2760 S Havana St Unit R-S, Aurora, CO 80014, USA",ChIJU-0UAfOHbIcR54fgvGE6x2A
Shin Myung Gwan Korean BBQ,restaurants,"Denver, CO",(303) 751-7787,,https://www.ordershinmyungbbq.com/,"2680 S Havana St B, Aurora, CO 80014, USA",ChIJY5r17_OHbIcRzr-6w_rtG-Q
Funny Plus,restaurants,"Denver, CO",(303) 745-3477,,,"2779 S Parker Rd, Aurora, CO 80014, USA",ChIJhXE6rvGHbIcR1yBy5AaiqoA
Hong Kong Cafe Restaurant,restaurants,"Denver, CO",(303) 696-6688,,https://www.hkcafedenver.com/?utm_source=google&utm_medium=search,"10890 E Dartmouth Ave C, Denver, CO 80014, USA",ChIJhb9w2e6HbIcRcIUmcbI3G6w
Hiro Japanese Buffet,restaurants,"Denver, CO",(303) 873-9999,,http://www.hirojapanesebuffet.com/,"2797 S Parker Rd, Aurora, CO 80014, USA",ChIJyXNJn_GHbIcRVWZzVhQLYiQ
shintoburi,restaurants,"Denver, CO",(303) 337-6889,,,"2720 S Havana St Unit I, Aurora, CO 80014, USA",ChIJe_FTx_OHbIcRTJKZupM9j7c
New Canton BBQ,restaurants,"Denver, CO",(303) 369-7500,,,"2751 S Parker Rd, Aurora, CO 80014, USA",ChIJNxnvLPKHbIcRkE1EBq0xpaM
Tacos y Tortas El Mollo y Rifle,restaurants,"Denver, CO",(720) 609-4777,,http://ordertacosytortaselmolloyrifle.mobile-webview2.com/,"8980 E Hampden Ave, Denver, CO 80231, USA",ChIJwRMnk5CHbIcR155DTnxl55M
A Bit Twisted Brewery & BBQ,restaurants,"Denver, CO",(720) 350-4905,,http://www.twistedbrewpub.com/,"3095 S Peoria St # B, Aurora, CO 80014, USA",ChIJqYvcEaSLbIcRu0dZc273cno
Pardon My Cheesesteak,restaurants,"Denver, CO",(888) 444-0934,,https://pardonmycheesesteak.com/?e=1250619598,"12101 E Dartmouth Ave ste 600, Aurora, CO 80014, USA",ChIJP8SZbpSHbIcRS5PaiVMm3XU
Silla Restaurant,restaurants,"Denver, CO",(303) 338-5070,,http://sillabbq.com/,"3005 S Peoria St F, Aurora, CO 80014, USA",ChIJr3G7MeKHbIcRIBunyOxcNHo
9 Mile Phở,restaurants,"Denver, CO",(720) 500-7356,,https://9milepho.com/,"12211 E Dartmouth Ave Ste 100, Aurora, CO 80014, USA",ChIJ509a9ayJbIcRf3yyleSlklU
Star of India,restaurants,"Denver, CO",(303) 755-1921,,https://www.starofindiaaurora.com/,"3102 S Parker Rd A10, Aurora, CO 80014, USA",ChIJ6SQ2z-WHbIcRbSsobspy3dc
Masalaa Restaurant,restaurants,"Denver, CO",(303) 755-6272,,https://masalaaauroraco.com/,"3140 S Parker Rd #7, Aurora, CO 80014, USA",ChIJexKneeGHbIcRsJMvrM5otRo
madinah market,restaurants,"Denver, CO",(720) 763-0786,,https://www.denverhalal.com/,"3126 S Parker Rd, Aurora, CO 80014, USA",ChIJ92IrReGHbIcR4dDoiarEEkU
Las Tortugas,restaurants,"Denver, CO",(720) 639-4937,,http://www.lastortugas.com/,"3140 S Parker Rd, Aurora, CO 80014, USA",ChIJ1dQYnuGHbIcRyvBQQzPxx8Q
IHOP,restaurants,"Denver, CO",(720) 756-2990,,https://restaurants.ihop.com/en-us/co/aurora/breakfast-12101-east-dartmouth-avenue-3803?utm_source=google&utm_medium=organic&utm_campaign=google_my_business&utm_term=3803&utm_content=website,"12101 E Dartmouth Ave ste 600, Aurora, CO 80014, USA",ChIJl7Cqm_SHbIcReo9cSihWB00
RockStar Hibachi - Food Truck,restaurants,"Denver, CO",(720) 839-1008,,https://rockstarhibachifoodtruck.com/,"3179 S Peoria Ct, Aurora, CO 80014, USA",ChIJqaFrAk2HbIcRP8hpXHesLi4
Seoul Mandoo,restaurants,"Denver, CO",,,,"2720 S Havana St Unit 1, Aurora, CO 80014, USA",ChIJGUQFXQCHbIcR_WEUumXzdak
Aurora Sonoda's Sushi,restaurants,"Denver, CO",(303) 337-3800,,https://aurorasonodassushi.com/,"3108 S Parker Rd D1, Aurora, CO 80014, USA",ChIJKVx5E-SHbIcR7cD3UTrLAGI
Cafe Mera,restaurants,"Denver, CO",(720) 592-0785,,https://cafemeradenver.com/,"3190 S Vaughn Way suite 110, Aurora, CO 80014, USA",ChIJi32lyjuJbIcRGPnXkDECtC8
Rendezvous at Heather Gardens,restaurants,"Denver, CO",(720) 282-3443,,https://rendezvousrestaurantandgolf.com/,"2888 S Heather Gardens Way, Aurora, CO 80014, USA",ChIJL9CO1hOIbIcR03Mp-mDisig
Heros Pizzeria & Tavern,restaurants,"Denver, CO",(303) 680-6424,,https://www.herospizzeriatavern.com/?utm_source=gbp,"16070 E Dartmouth Ave, Aurora, CO 80013, USA",ChIJOaRP40qIbIcRZDbttiTBmkU
Coco Asian food,restaurants,"Denver, CO",(720) 556-4569,,,"15351 E Hampden Ave, Aurora, CO 80013, USA",ChIJGzrjxoNjbIcRLZ4QGU30KD8
Piggin' Out Smokehouse,restaurants,"Denver, CO",(303) 988-2749,,https://www.pigginout.com/,"9987 Morrison Rd, Lakewood, CO 80227, USA",ChIJsy3D2JCBa4cRkyI4INpFMx4
Front Range Inn,restaurants,"Denver, CO",(720) 398-8341,,https://frontrangeinnco.com/,"7779 Morrison Rd, Lakewood, CO 80227, USA",ChIJjSb6_q2Ba4cRtJbCGZHiOV0
El Fogon Lagunero,restaurants,"Denver, CO",(720) 800-5499,,http://elfogonlagunero.com/?utm_source=gmb&utm_medium=referral,"2103 S Wadsworth Blvd, Lakewood, CO 80227, USA",ChIJgedp99mBa4cRGVvvxPseZLA
Com Nha Kitchen & Bar,restaurants,"Denver, CO",(720) 948-2639,,http://comnhakitchenandbar.com/,"2133 S Sheridan Blvd, Denver, CO 80227, USA",ChIJg_MXkgyBa4cR69yf1hAznNo
Taqueria Los II Herradura,restaurants,"Denver, CO",(617) 685-9984,,https://www.clover.com/online-ordering/los-ii-herradura-denver,"2199 S Sheridan Blvd, Denver, CO 80227, USA",ChIJkyDl2W-Ba4cR5n1sY6r8bAw
EL Lucero Restaurant,restaurants,"Denver, CO",(720) 386-7910,,http://www.ellucerorestaurant.com/,"2127 S Sheridan Blvd A, Denver, CO 80227, USA",ChIJmyDncrqBa4cRs1Wi4w4vP60
Taqueria La Morenas,restaurants,"Denver, CO",(303) 414-0044,,,"2215 S Sheridan Blvd, Denver, CO 80227, USA",ChIJPePotDeBa4cR7wQjEmG-uAI
Taqueria El Gallito,restaurants,"Denver, CO",(303) 984-6225,,https://www.taqueriaelgallitotogo.com/,"2125 S Sheridan Blvd, Denver, CO 80227, USA",ChIJf9ZrZ2iAa4cR7EbtIgtiq-Q
Amor a Tacos Trompo de Sirloin,restaurants,"Denver, CO",(720) 661-0902,,,"2395 W Evans Ave, Denver, CO 80223, USA",ChIJQd_FezB_bIcRN9w99ndvGOc
EL Zarape South Federal,restaurants,"Denver, CO",(303) 934-4556,,https://www.elzarapeco.com/,"2250 S Federal Blvd, Denver, CO 80219, USA",ChIJ62vAE8x_bIcRs_95K5NiNdI
Banh Mi Zone,restaurants,"Denver, CO",(720) 515-1416,,http://banhmizoneco.com/,"2424 S Federal Blvd, Denver, CO 80219, USA",ChIJg6JVFqN_bIcRkSVqrBGTTJ0
Tacos Rapidos,restaurants,"Denver, CO",(303) 935-0453,,https://tacosrapidos.shop/,"2800 W Evans Ave, Denver, CO 80219, USA",ChIJpTzjdo5_bIcRiUbS541zc3U
Tacos Rapidos,restaurants,"Denver, CO",(720) 381-6627,,https://tacosrapidos.shop/,"2260 S Federal Blvd, Denver, CO 80219, USA",ChIJIT00IGd_bIcRGY61p2Mny58
Table Public House,restaurants,"Denver, CO",(720) 726-5120,,https://tablepublichouse.com/,"2190 S Platte River Dr, Denver, CO 80223, USA",ChIJCToRO9t_bIcR3ClopgKw014
Colima Mexican Restaurant,restaurants,"Denver, CO",(720) 638-3068,,,"1050 W Evans Ave, Denver, CO 80223, USA",ChIJE7botcp_bIcRkbm-ZDKF2m8
PHO & WOK,restaurants,"Denver, CO",(720) 762-4569,,https://phoandwokdenver.com/,"1000 W Evans Ave, Denver, CO 80223, USA",ChIJ5SJBjDB_bIcRxKYIIb8GkoQ
PHO & WOK,restaurants,"Denver, CO",(720) 762-4569,,https://phoandwokdenver.com/,"1000 W Evans Ave, Denver, CO 80223, USA",ChIJq_PyzLx_bIcRVlSPJBojKik
The Post Colorado - Rosedale,restaurants,"Denver, CO",(720) 466-5699,,https://www.thepostcolorado.com/location/rosedale/,"2200 S Broadway, Denver, CO 80210, USA",ChIJdRzxlMp_bIcRn4anFgKV2bc
King Dumpling 2,restaurants,"Denver, CO",(720) 325-3556,,,"2160 S Broadway, Denver, CO 80210, USA",ChIJaUSsfeJ_bIcRVyjhzUQ6FyE
Riot BBQ,restaurants,"Denver, CO",(303) 872-6862,,https://riotbbqcompany.com/,"2180 S Delaware St, Denver, CO 80223, USA",ChIJpaWx7-d_bIcRWpSch0Y8sVc
Phatt Matt's,restaurants,"Denver, CO",(303) 330-0407,,http://phattmatts.com/,"2231 S Broadway, Denver, CO 80210, USA",ChIJe0sEeD9_bIcRylnzzjqW9g4
Taste of Thailand Restaurant,restaurants,"Denver, CO",(303) 762-9112,,http://www.tasteofthailand.net/,"2120 S Broadway J, Denver, CO 80210, USA",ChIJT1DZX7V_bIcR_NlIL0aKd2Y
lil Coffea Shop Downing,restaurants,"Denver, CO",(303) 733-4496,,https://lilcoffeashop.com/,"2450 S Downing St, Denver, CO 80210, USA",ChIJtyUfMc5_bIcRA93MS5Pd4gI
Lucile's Creole Cafe,restaurants,"Denver, CO",(303) 284-5230,,https://www.luciles.com/,"999 E Evans Ave, Denver, CO 80210, USA",ChIJpe0X2jd-bIcRaSixsaqlfkE
Roaming Buffalo Bar-B-Que,restaurants,"Denver, CO",(303) 722-2226,,http://roamingbuffalobbq.com/,"2387 S Downing St, Denver, CO 80210, USA",ChIJAa2kCzp-bIcRajKXpS2uTCs
Yemen Grill & Cafe Denver,restaurants,"Denver, CO",(720) 750-7902,,http://yemengrilldenver.com/,"1135 E Evans Ave Unit 103, Denver, CO 80210, USA",ChIJb7FOHhx_bIcRgBBG_JS73Ko
Birdcall,restaurants,"Denver, CO",(720) 242-8106,,http://eatbirdcall.com/,"1535 E Evans Ave, Denver, CO 80210, USA",ChIJ-_rNfFJ_bIcRZmHUXm853f0
Jerusalem Restaurant,restaurants,"Denver, CO",(303) 777-8828,,https://jerusalemrestaurant.com/?utm_source=google,"1890 E Evans Ave, Denver, CO 80210, USA",ChIJ20j7Az9-bIcRE67JP9iJAJY
Pita Fresh & Catering,restaurants,"Denver, CO",(303) 955-8711,,https://pitafreshdenver.com/,"2075 S University Blvd A, Denver, CO 80210, USA",ChIJS_ezBRV-bIcRYGtYmZOW8FA
Fat Shack,restaurants,"Denver, CO",(720) 242-6336,,http://fatshack.com/,"2041 S University Blvd, Denver, CO 80210, USA",ChIJhwE_GxV-bIcRloKBqmVRV90
Thai Town Authentic and Modern,restaurants,"Denver, CO",(720) 573-8914,,http://www.thaitowndenver.com/,"2039 S University Blvd, Denver, CO 80210, USA",ChIJNxHWo0p_bIcRn-3xUX1xlTc
Spanky's Roadhouse,restaurants,"Denver, CO",(303) 733-6886,,https://www.spankysur.com/,"1800 E Evans Ave, Denver, CO 80210, USA",ChIJt2pkGz9-bIcRWCefCZnWpTA
The Pioneer Bar,restaurants,"Denver, CO",(720) 536-4802,,http://www.thepioneerbar.com/,"2401 S University Blvd, Denver, CO 80210, USA",ChIJzR4apBd-bIcRt2iKOtpF-Dg
Tatsu Izakaya,restaurants,"Denver, CO",(303) 777-8388,,https://tatsudenver.com/,"2022 S University Blvd, Denver, CO 80210, USA",ChIJsx53HRV-bIcRige01k0Pecs
Saucy's Southern BBQ & Cuisine,restaurants,"Denver, CO",(720) 484-6035,,http://www.saucyssouthernbbq.com/,"2100 S University Blvd, Denver, CO 80210, USA",ChIJ0eZu1QR_bIcR4GaeY1UkN0M
Soul Bowl and Cafe Seoul,restaurants,"Denver, CO",(720) 914-7974,,,"2337 E Evans Ave, Denver, CO 80210, USA",ChIJhfxJhVF_bIcR1Q9B8lWlxVA
Blazing Bird - University,restaurants,"Denver, CO",(720) 428-2347,,https://www.theblazingbird.com/,"2485 S University Blvd, Denver, CO 80210, USA",ChIJeRAVBld_bIcRVMzW_OfxRFs
Jelly Cafe,restaurants,"Denver, CO",(720) 596-4108,,https://www.jellicafe.com/,"1700 E Evans Ave, Denver, CO 80210, USA",ChIJP2UOJT9-bIcRhJqL_SA1dUE
Istanbul Cafe and Bakery,restaurants,"Denver, CO",(720) 787-7751,,https://istanbulcafebakery.com/,"2350 E Evans Ave, Denver, CO 80210, USA",ChIJb92TcnV_bIcRQWGrnPlIaHk
Next Level Veggie Grill Denver,restaurants,"Denver, CO",(720) 640-6900,,https://www.nextlevelvg.com/,"1605 E Evans Ave, Denver, CO 80210, USA",ChIJz2I6vx1_bIcRrPoM8N8vK_0
Illegal Pete's DU,restaurants,"Denver, CO",(720) 797-8600,,https://www.illegalpetes.com/?olonwp=JjBtp_vMLk25gkYh_bnoiQ,"1744 E Evans Ave, Denver, CO 80210, USA",ChIJbUBTPT9-bIcRNow9PHVhgqM
BoHeo Pho Kitchen,restaurants,"Denver, CO",(720) 674-3819,,http://www.boheorestaurant.com/,"2553 S Colorado Blvd #107, Denver, CO 80222, USA",ChIJhyKGcpt_bIcRViKllubwI1E
LingLon Dumpling House,restaurants,"Denver, CO",(303) 691-6864,,https://www.linglondumplinghouse.com/,"2456 S Colorado Blvd, Denver, CO 80222, USA",ChIJMe_kGEl_bIcR_GuTvBcnor8
Gyros Town Restaurant,restaurants,"Denver, CO",(303) 835-2684,,http://gyrostownrestaurant.com/,"2276 S Colorado Blvd, Denver, CO 80222, USA",ChIJIws8uTd_bIcRSAFEFtNLAfM
Kokoro Restaurant,restaurants,"Denver, CO",(720) 229-1228,,https://www.kokororestaurants.com/,"2390 S Colorado Blvd, Denver, CO 80222, USA",ChIJrUBi3wd-bIcR57uvHb4R_f8
Baghdad Restaurant,restaurants,"Denver, CO",(303) 757-2526,,http://baghdadrestaurant.top/,"2410 S Colorado Blvd, Denver, CO 80222, USA",ChIJD6NaBIh_bIcRa_r26Yh_8xw
Amira Grill,restaurants,"Denver, CO",(303) 600-8353,,,"2280 S Colorado Blvd, Denver, CO 80222, USA",ChIJjRUY_wl-bIcRL5f3-DSZTSc
Poppies Restaurant & Lounge,restaurants,"Denver, CO",(303) 756-1268,,https://www.poppiesdenver.com/,"2334 S Colorado Blvd, Denver, CO 80222, USA",ChIJlaKzbQh-bIcR01KjxY4pHQ0
Kiki's Japanese Casual Dining,restaurants,"Denver, CO",(720) 768-8464,,,"2440 S Colorado Blvd, Denver, CO 80222, USA",ChIJb0YSvwd-bIcRwgg-Skmhkcg
Pupusas Lover,restaurants,"Denver, CO",(720) 508-3197,,http://www.pupusasloverdenver.com/,"2236 S Colorado Blvd, Denver, CO 80222, USA",ChIJj_xTkJN_bIcRejDyW7B0_94
Dough Counter Pizza,restaurants,"Denver, CO",(303) 997-8977,,https://www.doughcounter.com/,"2466 S Colorado Blvd Unit 101, Denver, CO 80222, USA",ChIJGxOubQ1_bIcRTD2drN2rwG4
Unique Indian Cuisine,restaurants,"Denver, CO",(303) 756-0744,,https://www.uniqueindiancuisine.com/,"2246 S Colorado Blvd, Denver, CO 80222, USA",ChIJt8P7UQR_bIcRqlIxDpI-kxA
Mile High Food Club,restaurants,"Denver, CO",,,http://www.milehighfoodclub.com/,"2171 S Grape St, Denver, CO 80222, USA",ChIJJ1oF4Fl9bIcRC_EanYrIna4
Tuti Grill,restaurants,"Denver, CO",(720) 328-9674,,https://mediterraneanfooddenver.com/,"2160 S Holly St Ste 3, Denver, CO 80222, USA",ChIJO_ktMAR9bIcRALOSZIIJvzA
Golden Bay Sushi Restaurant,restaurants,"Denver, CO",(720) 726-4379,,https://www.goldenbaysushi.com/,"2243 S Monaco St Pkwy #107, Denver, CO 80222, USA",ChIJ3Qwv4w99bIcRvK56-lxOyLQ
Reggae Pot Jamaican Grill,restaurants,"Denver, CO",(720) 410-2956,,http://reggaepotjamaicangrill.com/,"2243 S Monaco St Pkwy #104, Denver, CO 80222, USA",ChIJc8dhfQB9bIcRcOlKPG8Cj54
TACOS CHANO,restaurants,"Denver, CO",(303) 758-9625,,https://www.tacoschano.com/,"2251 S Monaco St Pkwy, Denver, CO 80222, USA",ChIJ--lbt3V9bIcRBaA79tYMOLA
La Fogata Restaurant - Evans,restaurants,"Denver, CO",(303) 753-9458,,https://la-fogatadenver.com/lafogataevans?utm_source=google,"5670 E Evans Ave, Denver, CO 80222, USA",ChIJJ9tO1u19bIcRkksBaDpPtRg
India's Kitchen IV (Denver-Cloud Kitchen),restaurants,"Denver, CO",(719) 297-5279,,https://milehighfoodclub.com/s/india%C2%B4s-kitchen-iv/2171-s-grape-st-denver/b3b3492f-c276-44e5-8b10-e6818cd2e259,"2171 S Grape St, Denver, CO 80222, USA",ChIJcd1iwst9bIcRF68sZUX_SEA
Pantaleone's,restaurants,"Denver, CO",(303) 757-3456,,http://pantaleones.net/,"2120 S Holly St #6, Denver, CO 80222, USA",ChIJj_MaFfV9bIcRLRHII9YW1Gw
Chong's Kitchen,restaurants,"Denver, CO",(720) 415-0937,,https://www.chongskitchendenver.com/,"2171 S Grape St, Denver, CO 80222, USA",ChIJ3VSIseF9bIcRXwQTN7iJZN8
Tacos Los Poblanos,restaurants,"Denver, CO",(720) 422-5716,,https://lospoblanostacos.com/,"6005 E Evans Ave, Denver, CO 80222, USA",ChIJD9MqBgB9bIcRsUbSnnvvSgo
Chakas Mexican Restaurant,restaurants,"Denver, CO",(303) 993-8105,,https://www.chakasmexicanrestaurant.com/,"6265 E Evans Ave, Denver, CO 80222, USA",ChIJp9BbLu19bIcROuX7LrkueMY
Casablanca Restaurant,restaurants,"Denver, CO",(303) 722-4100,,https://www.denvercasablanca.com/,"2266 S Colorado Blvd, Denver, CO 80222, USA",ChIJDVLSkO9-bIcRk4z3qIDY6Ss
Tacos la Comarca,restaurants,"Denver, CO",(720) 787-8285,,https://tacoslacomarcaco.com/,"2120 S Holly St, Denver, CO 80222, USA",ChIJBcdZ07R9bIcRS1VGNDWic6w
"Taste Bud Bullies, LLC",restaurants,"Denver, CO",(720) 499-3913,,http://www.tastebudbullies.com/,"4780 E Evans Ave, Denver, CO 80222, USA",ChIJm00CHfF9bIcR_zmepTgZwU0
Renegade Burrito,restaurants,"Denver, CO",(720) 953-3788,,https://www.renegadeburrito.com/,"2171 S Grape St, Denver, CO 80222, USA",ChIJiXpxlPt9bIcRYafZXk6oitY
MAD Greens - Colorado & Evans,restaurants,"Denver, CO",(303) 756-1222,,http://www.madgreens.com/,"2073 S Colorado Blvd #101, Denver, CO 80222, USA",ChIJUVTnJwp-bIcRVIiFMEOEPWQ
"sweetgreen - Healthy Salads, Bowls and Plates",restaurants,"Denver, CO",(720) 734-6473,,https://www.sweetgreen.com/locations/university-hills,"2770 S Colorado Blvd Suite L-110, Denver, CO 80222, USA",ChIJ9akJSUN_bIcRlomISexy03k
Jasmine Asian Cuisine,restaurants,"Denver, CO",(720) 988-7383,,https://www.jasminecolorado.com/,"2171 S Grape St, Denver, CO 80222, USA",ChIJFZNO6jp9bIcRST21NbdutQA
Phở Lăng Cô,restaurants,"Denver, CO",(720) 502-4482,,https://www.pholangco.com/,"2233 S Monaco St Pkwy Ste 105, Denver, CO 80222, USA",ChIJH6v5-3N9bIcReWP8XOqiycE
Crown Burgers,restaurants,"Denver, CO",(303) 753-9696,,http://www.crownburgers.org/,"2192 S Colorado Blvd, Denver, CO 80222, USA",ChIJY2YgyAl-bIcREnppQ-w4gIY
Firehouse Subs South Colorado Blvd,restaurants,"Denver, CO",(303) 635-6713,,https://www.firehousesubs.com/,"2380 S Colorado Blvd, Denver, CO 80222, USA",ChIJeUaRRKB_bIcRx5V18kR5Go4
Skippy's,restaurants,"Denver, CO",(303) 337-0028,,http://skippysbarandgrill.com/,"7545 E Iliff Ave, Denver, CO 80231, USA",ChIJqTdeN4R9bIcRwlhsbVWPOiY
Wing Slingers,restaurants,"Denver, CO",(303) 353-2160,,http://wingslingerswings.com/,"7325 E Iliff Ave, Denver, CO 80231, USA",ChIJEZbKcYV9bIcRAM4wCcuIBts
Comrade Brewing Company,restaurants,"Denver, CO",(720) 748-0700,,https://comradebrewing.com/,"7667 E Iliff Ave, Denver, CO 80231, USA",ChIJnVnWEYR9bIcRioFnEUpyw4M
King of shawarma & kabob,restaurants,"Denver, CO",(720) 307-4799,,https://kingoskabob.com/,"2260 S Quebec St Unit 7, Denver, CO 80231, USA",ChIJQfm-lyd9bIcR2qUlutlB8-4
5 Star Café Eritrean Restaurant,restaurants,"Denver, CO",(720) 242-7483,,,"8450 E Iliff Ave, Denver, CO 80231, USA",ChIJ3UOwJUB9bIcRTM6U4qZWXUA
Bubba's 33,restaurants,"Denver, CO",(303) 360-9933,,https://www.bubbas33.com/location/bubbas-33-auroraco/detail?utm_source=listing&utm_medium=search,"2270 S Parker Rd, Aurora, CO 80231, USA",ChIJRfxq_WB9bIcRH3bIC2dWC1Y
Piper Inn,restaurants,"Denver, CO",(303) 755-0771,,https://www.piperinn.com/,"2251 S Parker Rd, Denver, CO 80231, USA",ChIJO5aGBmF9bIcRNdX7EVyPaKU
NOMI Thai Ramen,restaurants,"Denver, CO",(720) 502-4873,,https://www.nomithairamen.com/,"9567 E Iliff Ave, Denver, CO 80231, USA",ChIJaeMsSQB9bIcR__f9C4_-WAM
Chopstix Fusion,restaurants,"Denver, CO",(303) 568-9852,,https://orders.cake.net/11487948,"2020 S Parker Rd unit i, Denver, CO 80231, USA",ChIJxzEweo19bIcRBAZRIGkp7fo
Nana's Dim Sum & Dumplings,restaurants,"Denver, CO",(720) 923-6145,,http://www.nanasdimsumanddumplings.com/,"2495 S Havana St unit f, Aurora, CO 80014, USA",ChIJ93LLtaSHbIcRSGTtO5IfjVA
Ochag Bar & Grill,restaurants,"Denver, CO",(720) 400-5254,,https://ochagbargrill.com/,"2627 S Parker Rd, Aurora, CO 80014, USA",ChIJ-TifPACHbIcRXre6hKS_SvY
Bettola Bistro,restaurants,"Denver, CO",(303) 750-1580,,https://www.bettolabistro.com/,"10253 E Iliff Ave, Aurora, CO 80247, USA",ChIJ0dfGtyx9bIcRSXIIav-NGYg
Mariscos El Rey 2,restaurants,"Denver, CO",(720) 379-5821,,https://mariscoselreyco.com/rey2/,"10293 E Iliff Ave, Aurora, CO 80247, USA",ChIJF0E40l99bIcR61B6LhRr4pY
Chef Liu's Kitchen,restaurants,"Denver, CO",(720) 572-5922,,http://www.chefliuaurora.com/,"2222 S Havana St Unit A2, Aurora, CO 80014, USA",ChIJv5viHy59bIcRN3s-C0SZm5Q
First Watch,restaurants,"Denver, CO",(720) 795-9996,,http://www.firstwatch.com/locations/village-on-the-park/?utm_source=gbp-listing&utm_medium=organic&utm_campaign=gbp-listing&utm_content=village-on-the-park,"2406 S Parker Rd Ste A, Denver, CO 80231, USA",ChIJiwh_KxSHbIcRg0_8azc2zTU
Bong Bong Hot Pot,restaurants,"Denver, CO",(720) 710-9931,,https://bongbonghotpot.com/,"10630 E Iliff Ave, Aurora, CO 80014, USA",ChIJNWurfpqHbIcRiXfo0TRrXCo
Cody's Cafe and Bar,restaurants,"Denver, CO",(303) 751-1288,,http://codysdenver.com/,"10203 E Iliff Ave, Denver, CO 80247, USA",ChIJwTuH2V99bIcRgT0rAWcLBCg
bb.q Chicken Village on the Park (Aurora),restaurants,"Denver, CO",(720) 882-6736,,http://bbqchicken.com/,"2495 S Havana St unit H, Aurora, CO 80014, USA",ChIJ75CXWiSHbIcRDZ3BRAl-DlM
Tofu Story,restaurants,"Denver, CO",(303) 954-9372,,http://thetofustory.com/,"2060 S Havana St, Aurora, CO 80014, USA",ChIJXcWJ8IV9bIcRWGSrP1s-LdE
Hanyang Wang Jokbal,restaurants,"Denver, CO",(720) 588-7547,,https://hanyangjokbaldenver.com/,"2222 S Havana St Unit J, Aurora, CO 80014, USA",ChIJJ5k_SAB9bIcR6h2JD970jsg
Yong gung,restaurants,"Denver, CO",(720) 748-3003,,https://ygaurora.com/,"2040 S Havana St, Aurora, CO 80014, USA",ChIJbe-xOVx9bIcRXcD3bET2Q-M
Yemen Grill,restaurants,"Denver, CO",(303) 369-1998,,https://www.yemengrilldenver.com/,"2353 S Havana St UnitD#15A, Aurora, CO 80014, USA",ChIJCWE6il99bIcRRKsk4toyhSk
"La Cocina de Lucho, Colorado",restaurants,"Denver, CO",(720) 587-5515,,http://orderlacocinadeluchocolorado.mobile-webview7.com/,"2430 S Havana St, Aurora, CO 80014, USA",ChIJaZQdndR_bIcRV_lS1EuRMCk
Thank Sool,restaurants,"Denver, CO",(720) 485-3682,,http://www.thanksool.com/,"2222 S Havana St E, Aurora, CO 80014, USA",ChIJB1MhshJ9bIcRgzlrrOXkeKg
Sean's Tavern,restaurants,"Denver, CO",(303) 369-9819,,https://www.facebook.com/seanstavernaurora/,"10395 E Iliff Ave, Aurora, CO 80247, USA",ChIJacu_owd9bIcRr7NfQSlJlvk
El Coco Pirata,restaurants,"Denver, CO",(303) 954-9530,,http://www.elcocopirata.com/,"10600 E Iliff Ave, Aurora, CO 80014, USA",ChIJEbqGAZB9bIcRTbKU-4nZGvE
Sushi Katsu,restaurants,"Denver, CO",(303) 368-8778,,http://www.sushikatsudenver.com/,"2222 S Havana St, Aurora, CO 80014, USA",ChIJM1g-Vl59bIcRGJHa990EcUs
Sudan Cafe,restaurants,"Denver, CO",(303) 337-7409,,,"10375 E Iliff Ave, Denver, CO 80247, USA",ChIJERWmuF99bIcRNHLaOHuGCgs
Golden Banh Mi,restaurants,"Denver, CO",(303) 993-3693,,https://goldenbanhmi.com/,"2648 S Parker Rd #1, Aurora, CO 80014, USA",ChIJ-yQIbdiHbIcRpUN_DbdBNUU
Seoul K-B.B.Q.& HotPot,restaurants,"Denver, CO",(303) 632-7576,,http://seoulkoreanbbq.com/,"2080 S Havana St, Aurora, CO 80014, USA",ChIJnwZR0119bIcRmW6ndIQIkpg
Woo Ri Korean Restaurant,restaurants,"Denver, CO",(303) 974-5425,,,"2648 S Parker Rd UNIT 9, Aurora, CO 80014, USA",ChIJead-MnSHbIcRVEbg5B8TbxU
Daebak Korean Restaurant,restaurants,"Denver, CO",(720) 328-9328,,https://www.instagram.com/daebakauroraco/,"2648 S Parker Rd Unit 11, Aurora, CO 80014, USA",ChIJmyb7TvGHbIcR-CqhxIyDD3A
Aroma do Brazil,restaurants,"Denver, CO",(720) 242-6562,,https://aromaofbrazil.com/?utm_source=google,"10722 E Iliff Ave, Aurora, CO 80014, USA",ChIJfdUXW2WJbIcRcJ0H1fgXWpU
Chutney Indian Cuisine,restaurants,"Denver, CO",(303) 918-9597,,http://chutneyindiancuisine.com/,"2740 S Havana St K, Aurora, CO 80014, USA",ChIJfTZMn_OHbIcRa8uphL4CPgA
Smashburger,restaurants,"Denver, CO",(720) 213-0012,,https://smashburger.com/locations/us/co/aurora/2630-s-parker-rd?utm_medium=organic&utm_source=local&utm_campaign=googlelistings&utm_content=website&utm_term=1032,"2630 S Parker Rd, Aurora, CO 80014, USA",ChIJ26NuV_GHbIcRaZwggSzBc7k
Saj Fresh Grill,restaurants,"Denver, CO",(720) 612-7422,,https://sajfresh.com/,"2300 S Parker Rd, Aurora, CO 80014, USA",ChIJxz_jQWB9bIcRFVM87o-hERw
Tofu House 1962 Korean BBQ Restaurant,restaurants,"Denver, CO",(303) 751-2840,,https://www.tofuhouse1962co.com/,"2353 S Havana St # D1, Aurora, CO 80014, USA",ChIJOYYYlF99bIcRL-8kQjIDqH0
Mr. Pho Vietnamese Restaurant,restaurants,"Denver, CO",(303) 750-3007,,http://www.mrphoco.com/,"2719 S Parker Rd, Aurora, CO 80014, USA",ChIJd0NxbfGHbIcRGPEBT-D3itw
P & Y Cafe Asian Bistro,restaurants,"Denver, CO",(303) 369-7147,,,"2769 S Parker Rd, Aurora, CO 80014, USA",ChIJ0XGCDPGHbIcRm4ZDi8F0jG0
Blazin' Bite Seafood BBQ and Music Bar,restaurants,"Denver, CO",(720) 866-9729,,https://www.blazinbitebbqmusicbar.com/,"12203 E Iliff Ave Unit L-S, Aurora, CO 80014, USA",ChIJNYYaQ9KHbIcRi4l0IYhLrLI
Masha and the Bear Russian Cafe,restaurants,"Denver, CO",(720) 209-4748,,http://www.mbrussiancafe.com/,"12101 E Iliff Ave, Aurora, CO 80014, USA",ChIJvSU98f-HbIcRHyEoMbpk39E
Fortune Asian,restaurants,"Denver, CO",(303) 306-4606,,https://www.fortuneasianaurora.com/,"12203 E Iliff Ave D, Aurora, CO 80014, USA",ChIJT5K5lIKHbIcR1m0XdFzSgHE
La Catrina Tequila & Tacos,restaurants,"Denver, CO",(303) 755-1822,,https://lacatrinatequilaandtacos.com/,"12131 E Iliff Ave D, Aurora, CO 80014, USA",ChIJfbHmA1F9bIcRJSLiOKugsDg
Hangang Ramen 한강라면,restaurants,"Denver, CO",(303) 955-0921,,https://www.facebook.com/hangangramen,"2281 S Peoria St, Aurora, CO 80014, USA",ChIJe7hNd1uHbIcRRQOIW8g7gR4
88 Hot dog Juicy,restaurants,"Denver, CO",,,http://hotjuicy88aurora.com/,"2225 S Peoria St, Aurora, CO 80014, USA",ChIJY0pshYN9bIcR1VJo0d3DWUg
Paik's Noodle Aurora 홍콩반점,restaurants,"Denver, CO",(303) 284-7176,,https://www.paiksnoodleaurora.com/,"12101 E Iliff Ave Ste K, Aurora, CO 80014, USA",ChIJvR29uyaHbIcRH3CpoUCwWkU
Bajeko Sekuwa Nepalese & Indian Cuisine,restaurants,"Denver, CO",(303) 593-2775,,https://bajekosekuwacolorado.com/,"12191 E Iliff Ave, Aurora, CO 80014, USA",ChIJZ2fZPHGHbIcRVfEqJMeGCXE
Challengers Sports Bar,restaurants,"Denver, CO",(303) 750-5558,,,"12161 E Iliff Ave, Aurora, CO 80014, USA",ChIJ4Ry8yLiHbIcRnfu97J73_1c
Swirk Soul Food - Southern Catfish and BBQ,restaurants,"Denver, CO",(303) 337-0549,,,"2205 S Peoria St, Aurora, CO 80014, USA",ChIJlaRvaVV9bIcReHb0Wuiqm0A
Umami Sushi Bar & Pho Inc,restaurants,"Denver, CO",(720) 460-6006,,https://umamisushipho.com/,"14110 E Iliff Ave, Aurora, CO 80014, USA",ChIJ6Q1tLiuJbIcRjcv5d9b8HNc
Rosie's Diner Aurora,restaurants,"Denver, CO",(303) 752-3663,,http://rosiesdiner.com/,"14061 E Iliff Ave, Aurora, CO 80014, USA",ChIJccVJBh-IbIcRGYiHG9d_mwk
Dragon Boat,restaurants,"Denver, CO",(303) 752-1050,,https://www.dragonboatchineseaurora.com/,"13697 E Iliff Ave, Aurora, CO 80014, USA",ChIJ2Wn8qvKJbIcRUo7iIF6OgP8
Noonan's Sports Bar & Grill,restaurants,"Denver, CO",(720) 246-0309,,http://noonanssportsbar.com/,"13521 E Iliff Ave, Aurora, CO 80014, USA",ChIJ4eRKzQKIbIcR_Zl_6SsC2fU
Applebee's Grill + Bar,restaurants,"Denver, CO",(303) 745-9897,,https://restaurants.applebees.com/en-us/co/aurora/14091-e.-iliff-avenue-84032?utm_source=google&utm_medium=organic&utm_campaign=google_my_business&utm_term=84032&utm_content=website,"14091 E Iliff Ave, Aurora, CO 80014, USA",ChIJxxbOGx-IbIcRdHZk7s2VneE
Jackdaw Restaurant,restaurants,"Denver, CO",(303) 368-3460,,https://www.jackdawrestaurant.com/aurora-colorado,"13696 E Iliff Pl, Aurora, CO 80014, USA",ChIJKZ9xEvqJbIcRHxbzsAZ4K48
Carrabba's Italian Grill,restaurants,"Denver, CO",(303) 338-8600,,https://locations.carrabbas.com/colorado/aurora/2088-s-abilene-street?y_source=1_MTU1MDMwMDItNzE1LWxvY2F0aW9uLndlYnNpdGU%3D,"2088 S Abilene St, Aurora, CO 80014, USA",ChIJPTieqKBibIcRbXS1ZvCyoyo
Black Bear Diner Aurora,restaurants,"Denver, CO",(720) 616-7168,,https://blackbeardiner.com/location/aurora/,"14100 E Iliff Ave, Aurora, CO 80014, USA",ChIJq0-vCGqJbIcRAmo908g9Ues
Legends of Aurora Sports Grill,restaurants,"Denver, CO",(303) 671-0560,,http://legendsofaurora.com/,"13690 E Iliff Ave, Aurora, CO 80014, USA",ChIJMYEx6ByIbIcR2BVJD4fN-so
Texas Roadhouse,restaurants,"Denver, CO",(303) 745-3838,,https://www.texasroadhouse.com/locations/colorado/aurora?utm_source=listing&utm_medium=search,"2380 S Blackhawk St, Aurora, CO 80014, USA",ChIJe2iyACKIbIcRo62YhZ6Jrp8
Pisco Sour Restaurant & Lounge,restaurants,"Denver, CO",(720) 300-5401,,,"14050 E Evans Ave, Aurora, CO 80014, USA",ChIJD9hOz6iFbIcRQF3Nghj9Opg
Gyroz,restaurants,"Denver, CO",(720) 748-7650,,http://gyroz.restaurantwebexpert.com/,"13698 E Iliff Ave, Aurora, CO 80014, USA",ChIJAW7FXhyIbIcRgdJjs5LnAw0
The French Press,restaurants,"Denver, CO",(303) 369-3111,,http://www.myfrenchpress.com/,"15290 E Iliff Ave, Aurora, CO 80014, USA",ChIJ2bXYXy-IbIcRiRFwwVBnkJ8
JJ's Place,restaurants,"Denver, CO",(303) 369-1704,,http://jjsplaceaurora.com/,"2340 S Chambers Rd, Aurora, CO 80014, USA",ChIJF3-bxZSJbIcRz0j15yLIxvQ
Athenian Restaurant,restaurants,"Denver, CO",(720) 449-0225,,http://theathenianrestaurant.com/,"15350 E Iliff Ave, Aurora, CO 80013, USA",ChIJk78_PS-IbIcRYmO7cWl0A3Q
Supreme Chicken,restaurants,"Denver, CO",(303) 752-6389,,https://www.toasttab.com/supremechicken,"2295 S Chambers Rd M, Aurora, CO 80014, USA",ChIJIepOn5mJbIcRv6fo-EqKlbc
Pupusas House,restaurants,"Denver, CO",(303) 368-4578,,http://orderpupusashouse.com/,"2284 S Chambers Rd, Aurora, CO 80014, USA",ChIJ83v_a2mJbIcRz3xRY26yUN0
Village Inn,restaurants,"Denver, CO",(303) 750-8288,,https://www.villageinn.com/aurora-co-iliff,"15200 E Iliff Ave, Aurora, CO 80014, USA",ChIJyf2Y7CWIbIcRiq0WgO3tuvw
Six Capital Brewing,restaurants,"Denver, CO",(720) 598-6816,,https://sixcapitalbrewing.com/,"16701 E Iliff Ave, Aurora, CO 80013, USA",ChIJf0_iiDiJbIcRBYzLKHt7720
Snarf's Sandwiches,restaurants,"Denver, CO",(303) 632-5551,,https://www.eatsnarfs.com/aurora-e-illif-s-buckley,"16950 E Iliff Ave unit F2, Aurora, CO 80013, USA",ChIJtTxsDACJbIcR6VxJIIJFxP0
ALPACA CHASQUI Charbroiled Chicken & coffee,restaurants,"Denver, CO",(303) 955-5611,,https://cash.app/order/$alpacachasquiperuvia,"17200 E Iliff Ave Suite A5, Aurora, CO 80013, USA",ChIJxY9s5DWFbIcRFudooD4qds0
Jus Grill Restaurant,restaurants,"Denver, CO",(303) 751-0166,,https://jusgrillrestaurantco.com/,"17200 East IIliff Ave Space A10, Aurora, CO 80013, USA",ChIJ3Ra1NZ6JbIcRN3Z5wORRoNQ
Old Chicago Pizza + Taproom,restaurants,"Denver, CO",(303) 338-0144,,https://oldchicago.com/locations/us/co/aurora/16990-east-iliff-ave/,"16990 E Iliff Ave, Aurora, CO 80013, USA",ChIJGeCq19GJbIcRF1mA7eFdi5E
Buckley Square,restaurants,"Denver, CO",(303) 300-5300,,https://www.regencycenters.com/property/detail/621/Buckley-Square,"17000 E IIiff Ave, Aurora, CO 80013, USA",ChIJj5bCtc-JbIcRJ2hiPsh8fHE
Chester's Philly Grill,restaurants,"Denver, CO",,,http://chestersphillygrill.epipay.com/,"2195 S Chambers Rd, Aurora, CO 80014, USA",ChIJoX7ooyiIbIcRqIZOYF9gwDU
Sheabeens Irish Pub,restaurants,"Denver, CO",(303) 696-6131,,https://www.sheabeenirishpub.com/calendar.html,"2300 S Chambers Rd # A, Aurora, CO 80014, USA",ChIJ61GjRC-IbIcRuUw3K2aHG8Q
China Cafe (Iliff),restaurants,"Denver, CO",(303) 369-0330,,https://www.chinacafe4.com/,"16870 E Iliff Ave, Aurora, CO 80013, USA",ChIJDYKX79GJbIcRHyITIXnAZZc
Tacos Los Brody's,restaurants,"Denver, CO",(720) 843-9003,,,"18690 E Iliff Ave, Aurora, CO 80013, USA",ChIJo-2o62SPbIcRkgQaHQQdB1g
Cafe Jordano,restaurants,"Denver, CO",(303) 988-6863,,http://www.cafejordano.com/,"11068 W Jewell Ave, Lakewood, CO 80227, USA",ChIJOx_IrX-Ba4cRSfXoo4UPIRk
Fiddlesticks Bar & Grill,restaurants,"Denver, CO",(303) 969-0855,,https://www.fiddlesticksbar-grill.com/,"10815-Q, W Jewell Ave, Lakewood, CO 80232, USA",ChIJtRSs2XiBa4cReRe99cZFM54
Big Sky Burger,restaurants,"Denver, CO",(303) 763-5012,,https://www.bigskyburger.com/,"1958 S Garrison St, Lakewood, CO 80227, USA",ChIJHxmc-NWBa4cRkOqbOuNt30I
Slammin Chicken,restaurants,"Denver, CO",(720) 541-7255,,https://slamminchicken.com/,"1870 S Garrison St, Lakewood, CO 80232, USA",ChIJx91jPjyBa4cRkfjsna34N9s
Tokyo Hibachi Express & Poke,restaurants,"Denver, CO",(720) 666-1026,,https://tokyohibachiexpress.com/,"1860 S Garrison St, Lakewood, CO 80232, USA",ChIJYYYIzQKBa4cRkTYLWj4UQoU
Taste of Denmark,restaurants,"Denver, CO",(303) 987-8283,,https://www.tasteofdenmarkco.com/,"1901 S Kipling St, Lakewood, CO 80227, USA",ChIJPZTjVt6Da4cR854AGLrr43Q
Garramone's Pizza and Italian Restaurant,restaurants,"Denver, CO",(303) 985-8711,,http://garramoneslakewood.com/,"9168 W Jewell Ave, Lakewood, CO 80232, USA",ChIJYwrniaCBa4cRXmMoR2BUJA0
Orion Sushi,restaurants,"Denver, CO",(303) 997-5715,,https://orionsushitogo.com/,"11068 W Jewell Ave c9, Lakewood, CO 80232, USA",ChIJN5C3y7WBa4cRR4264IBrmaA
El Tequileno Family Mexican Restaurant,restaurants,"Denver, CO",(303) 988-2580,,https://www.eltequilenomexrest.com/,"1535 S Kipling Pkwy, Lakewood, CO 80232, USA",ChIJVVXlRnuBa4cRoqm7VI7Bba4
He-Xing Garden,restaurants,"Denver, CO",(303) 986-2232,,https://www.hexinggarden999.com/,"1535 S Kipling Pkwy Suit #D, Lakewood, CO 80232, USA",ChIJUa_hRnuBa4cRZtrE7vp82fU
TJ's Sports Bar & Grill,restaurants,"Denver, CO",(720) 541-7409,,https://tjssportsbarlakewood.com/,"7893 W Jewell Ave, Lakewood, CO 80232, USA",ChIJO4Qc65SBa4cRB-UWmUNvJb8
Nicolo's Chicago Style Pizza,restaurants,"Denver, CO",(303) 969-9000,,http://www.nicolospizzalakewoodco.com/,"7847 W Jewell Ave, Lakewood, CO 80232, USA",ChIJbzxZj6mBa4cR7CARj0NHync
Las Dalias,restaurants,"Denver, CO",(303) 988-0889,,https://www.lasdaliaslakewood.com/,"7800 W Jewell Ave, Lakewood, CO 80232, USA",ChIJyTxndamBa4cR770CpwviUsY
Star Thai,restaurants,"Denver, CO",(303) 989-3909,,http://newstarthai.blogspot.com/2010/08/best-thai-food-thai-chinese-japanese.html?m=1,"8048 W Jewell Ave, Lakewood, CO 80232, USA",ChIJkZKep6mBa4cR4GFaLePDe5k
Fortune City,restaurants,"Denver, CO",(303) 986-8887,,https://www.fortunecityco.com/,"1939 S Wadsworth Blvd, Lakewood, CO 80227, USA",ChIJH1USgqyBa4cReO59R-rTn3E
Bong Chicken F.K.A CM Chicken Lakewood,restaurants,"Denver, CO",(303) 632-8079,,,"1862 S Wadsworth Blvd, Lakewood, CO 80232, USA",ChIJW1lewAyBa4cR1IEleKUeAUo
HANGAR 101 Billiards Bowling Bar & Grill,restaurants,"Denver, CO",(303) 600-8934,,http://www.hangar101billiards.com/,"7575 W Jewell Ave, Lakewood, CO 80232, USA",ChIJhSOfI6uBa4cRHO0zzJZqJvs
Carmine Lonardo's Italian,restaurants,"Denver, CO",(303) 985-3555,,https://www.carminelonardosdeli.com/,"7585 W Florida Ave, Lakewood, CO 80232, USA",ChIJz9ZHkwGBa4cRRB_pGQ2X9wA
Sushi Katsu,restaurants,"Denver, CO",(720) 638-0879,,https://sushikatsudenver.com/,"1862 S Wadsworth Blvd, Lakewood, CO 80232, USA",ChIJnYwA22-Ba4cRvoTpuZaTTlM
Jaimes Mexican Restaurant,restaurants,"Denver, CO",(303) 989-8300,,https://www.jaimesmexican.com/,"1910 S Depew St, Denver, CO 80227, USA",ChIJR8I2mF2Aa4cRWOSDIAfZDLo
Pupusas fire Family restaurant,restaurants,"Denver, CO",(720) 784-5735,,http://orderpupusasfireandbar.mobile-webview8.com/,"2035 S Sheridan Blvd, Denver, CO 80227, USA",ChIJKcm2TmyBa4cRC4HZoxJCrCA
Stoner's Pizza Joint,restaurants,"Denver, CO",(720) 639-3130,,https://stonerspizzajoint.com/,"1945 S Sheridan Blvd #104a, Denver, CO 80227, USA",ChIJqRG-eZuBa4cRfq42PuHuImE
El Gos Taqueria,restaurants,"Denver, CO",(303) 517-9811,,,"1899 S Sheridan Blvd, Denver, CO 80232, USA",ChIJpVpfXACBa4cRIoH_oWi1KdA
King Wok,restaurants,"Denver, CO",(303) 935-1998,,https://s.fronttab.com/5Vnvrz,"1824 S Sheridan Blvd, Denver, CO 80232, USA",ChIJHQ9VH2eAa4cRgIk8JW4vJIE
Chipotle Mexican Grill,restaurants,"Denver, CO",(720) 719-7024,,https://locations.chipotle.com/co/denver/2005-south-federal-boulevard?utm_source=google&utm_medium=yext&utm_campaign=yext_listings?restaurant=5383,"2005 S Federal Blvd, Denver, CO 80219, USA",ChIJeY6XkzV_bIcRRyJ0GM-UbeE
Las Islitas,restaurants,"Denver, CO",(303) 936-8280,,,"1550 S Federal Blvd Unit A, Denver, CO 80219, USA",ChIJ8QpWkoN_bIcRLN0_WKAlQJc
Torres Mexican Food,restaurants,"Denver, CO",(303) 934-8857,,https://www.torresfood.com/,"1597 S Federal Blvd, Denver, CO 80219, USA",ChIJL_tV9YN_bIcRTr0u5Js99Gs
Tacos y Tortas El Pluche,restaurants,"Denver, CO",(720) 385-7904,,,"1745 S Federal Blvd, Denver, CO 80219, USA",ChIJk4jaVXF_bIcRt8Mv3DWUG74
Ponchos Mexican Restaurant,restaurants,"Denver, CO",(303) 379-9272,,http://www.ponchostraditional.com/,"2995 W Jewell Ave, Denver, CO 80219, USA",ChIJ8-csGYuBa4cRZXRfM6bki3Y
Gorditas las 5 Estrellas,restaurants,"Denver, CO",(720) 720-5778,,,"1550 S Federal Blvd # N, Denver, CO 80219, USA",ChIJfyVcl4N_bIcRoDq_MnyuI6E
The Brutal Poodle,restaurants,"Denver, CO",(720) 379-6281,,https://brutalpoodledenver.com/,"1967 S Broadway, Denver, CO 80210, USA",ChIJ7xAt8LR_bIcRQxJRZOGYB9Q
Breakfast Palace,restaurants,"Denver, CO",(303) 698-0685,,http://breakfastpalacedenver.com/,"2000 S Broadway, Denver, CO 80210, USA",ChIJ_yCcH7V_bIcRHOD8Pu8VOLA
Jacks on Pearl,restaurants,"Denver, CO",(720) 868-5800,,https://jacksonpearldenver.com/,"1475 S Pearl St, Denver, CO 80210, USA",ChIJ1dUQkuF_bIcRu-izxJVH7V0
Bird,restaurants,"Denver, CO",(303) 777-0500,,https://birddenver.com/,"1529 S Pearl St, Denver, CO 80210, USA",ChIJ31VHCFJ-bIcRDrDVdzUYVuU
Izakaya Den,restaurants,"Denver, CO",(303) 777-0691,,http://www.izakayaden.net/,"1487A S Pearl St, Denver, CO 80210, USA",ChIJv509BFJ-bIcR6gQNwBoYoao
Sukiya Ramen,restaurants,"Denver, CO",(303) 862-8453,,http://sukiyaramen.com/,"1472 S Pearl St, Denver, CO 80210, USA",ChIJCRO3WrN_bIcRBU84hbz2ANI
Margot,restaurants,"Denver, CO",(720) 390-8785,,https://margotdenver.com/,"1551 S Pearl St, Denver, CO 80210, USA",ChIJreGQhDd5bIcRP3OYKrquLHk
OTOTO,restaurants,"Denver, CO",(303) 942-1416,,http://www.ototoden.com/,"1501 S Pearl St, Denver, CO 80210, USA",ChIJx5WaGlJ-bIcROkqZfLH1Pc4
Uno Mas Taqueria y Cantina,restaurants,"Denver, CO",(303) 777-2866,,https://unomastaqueria.com/unomasdenver?utm_source=google,"1585 S Pearl St, Denver, CO 80210, USA",ChIJB-dq701-bIcRz5U8l-eUGI8
Kizaki,restaurants,"Denver, CO",(720) 512-2753,,https://denchukizaki.com/,"1551 S Pearl St, Denver, CO 80210, USA",ChIJT6LLNQB_bIcRFlId0L9BFOM
Que Bueno Suerte!,restaurants,"Denver, CO",(720) 642-7322,,http://quebuenosuerte.com/,"1518 S Pearl St, Denver, CO 80210, USA",ChIJu7v2A1J-bIcRLch8En7gC3w
Platt Park Brewing Co.,restaurants,"Denver, CO",(303) 993-4002,,https://www.plattparkbrewing.com/,"1875 S Pearl St, Denver, CO 80210, USA",ChIJrwlI6Ut-bIcRo6EJZw0kTl4
Sushi Den,restaurants,"Denver, CO",(303) 777-0826,,http://www.sushiden.net/,"1487 S Pearl St, Denver, CO 80210, USA",ChIJL2TJFlJ-bIcRENgfRp3uELQ
Park Burger,restaurants,"Denver, CO",(720) 242-9951,,https://www.parkburger.com/,"1890 S Pearl St, Denver, CO 80210, USA",ChIJr5ZR3Ut-bIcRYB_l40mWfbs
RxR's Texas Tacos,restaurants,"Denver, CO",(720) 828-2181,,http://www.rxrgrub.com/,"1468 S Cherokee St Suite 108, Denver, CO 80223, USA",ChIJg-yLK4uBbIcRsBfCkKSwUvE
La Chiva Colombian Cuisine,restaurants,"Denver, CO",(720) 389-9847,,https://www.lachivacolombian.com/,"1446 S Broadway, Denver, CO 80210, USA",ChIJP_pl5ax_bIcRChgJqUzmmlk
John Holly's Asian Bistro (Downing),restaurants,"Denver, CO",(303) 722-8686,,https://asianbistro.menubb.com/,"2422 S Downing St, Denver, CO 80210, USA",ChIJkdvvbzp-bIcRSMg2bBwWRXo
Little India Restaurant & Bar Wash Park/DU,restaurants,"Denver, CO",(303) 298-1939,,https://littleindiaofdenver.com/,"2390 S Downing St B, Denver, CO 80210, USA",ChIJ5yOMEjp-bIcR_-nJuH59n5Q
Quiero Arepas,restaurants,"Denver, CO",(720) 432-4205,,http://quieroarepas.com/,"1859 S Pearl St, Denver, CO 80210, USA",ChIJC3WTDOl_bIcR3l3tcSQhJO8
Buffalo Bills Wings and Things University,restaurants,"Denver, CO",(303) 393-7777,,https://buffalobillswings.com/,"2014 S University Blvd, Denver, CO 80210, USA",ChIJcaeF1rF_bIcRiKC-Wj8k0EM
Gyroz,restaurants,"Denver, CO",(720) 749-2683,,,"2008 S University Blvd, Denver, CO 80210, USA",ChIJa_EykpJ_bIcRWqUnSrKkKCM
Crimson and Gold Tavern,restaurants,"Denver, CO",(720) 379-5454,,http://www.candgdenver.com/,"2017 S University Blvd, Denver, CO 80210, USA",ChIJywXCHhV-bIcRiNQBir7g7h4
Serene Cuisine of India,restaurants,"Denver, CO",(303) 284-6584,,https://www.serenecuisineofindia.com/,"2070 S University Blvd, Denver, CO 80210, USA",ChIJVVVp_xR-bIcRwZPNWJ1SEEc
Mustard's Last Stand,restaurants,"Denver, CO",(303) 722-7936,,http://mustardslaststandcolorado.com/,"2081 S University Blvd, Denver, CO 80210, USA",ChIJC17fBhV-bIcRI24xtEo_rPg
Two Hands Corn Dogs,restaurants,"Denver, CO",(720) 282-3251,,http://www.twohandsus.com/,"2076 S University Blvd, Denver, CO 80210, USA",ChIJbU9x1Yl_bIcRA1Ru4Ej__tk
Beau Jo's Denver,restaurants,"Denver, CO",(303) 997-7676,,https://www.beaujos.com/locations/denver/,"2110 S University Blvd Unit D, Denver, CO 80210, USA",ChIJv7CI-d1_bIcRg3vpD66FIOw
Pardon My Cheesesteak,restaurants,"Denver, CO",(888) 444-0934,,https://pardonmycheesesteak.com/?e=1250117818,"1595 S Colorado Blvd, Denver, CO 80222, USA",ChIJJ063U9V_bIcR285CMA_kK_k
Bonchon Denver - Buchtel Blvd,restaurants,"Denver, CO",(720) 274-1979,,https://restaurants.bonchon.com/locations/co/denver/3970-buchtel-blvd-suite-107,"3970 Buchtel Blvd S #107, Denver, CO 80210, USA",ChIJY1NKlvN_bIcRA-8d0yd70ms
The Bronze Empire,restaurants,"Denver, CO",(720) 599-8888,,https://www.opentable.com/r/the-bronze-empire-denver-2,"1591 S Colorado Blvd, Denver, CO 80222, USA",ChIJweN_M3R-bIcRpngVEN5YR0U
Los Dos Potrillos Denver,restaurants,"Denver, CO",(720) 722-9909,,https://www.los2potrillos.com/,"4100 E Mexico Ave Ste G, Denver, CO 80222, USA",ChIJZXywbAB_bIcRhBA5uwxrDGc
Junction Food & Drink,restaurants,"Denver, CO",,,http://www.junctionfoodanddrink.com/,"2000 S Colorado Blvd Building IV, Denver, CO 80222, USA",ChIJUwhY4hN9bIcRotAFpMHTKIc
Que Rico,restaurants,"Denver, CO",(303) 226-8211,,,"2000 S Colorado Blvd, Denver, CO 80222, USA",ChIJd2UjBgB9bIcRu-R1UeOiMtU
Pizza & Pide,restaurants,"Denver, CO",(720) 401-1126,,https://www.junctionfoodanddrink.com/pizza-and-pide,"2000 S Colorado Blvd bldg 4, Denver, CO 80222, USA",ChIJzVP-tQF9bIcRadKr2rl2HA0
Lulala,restaurants,"Denver, CO",(303) 598-0582,,,"2000 S Colorado Blvd IV #112, Denver, CO 80222, USA",ChIJJUkCwuV9bIcRYOD49STCefM
Sushi by SYC,restaurants,"Denver, CO",(720) 780-9999,,https://www.sushibysyc.com/,"1573 S Colorado Blvd, Denver, CO 80222, USA",ChIJZ5kw2kZ_bIcRmVmFLNx3vQc
Bowl'd Masala,restaurants,"Denver, CO",(303) 472-7779,,https://bowldmasala.com/,"2000 S Colorado Blvd, Denver, CO 80222, USA",ChIJpRtoGAB9bIcRZWJPBzfE92s
Cooking With A Crown,restaurants,"Denver, CO",(303) 720-6680,,http://cookingwithacrown.square.site/,"1777 S Bellaire St Ste 102-B, Denver, CO 80222, USA",ChIJUVuiNysK1I4RWd4QZfFXYq0
Esters Virginia Village,restaurants,"Denver, CO",(303) 955-4904,,https://www.estersdenver.com/,"1950 S Holly St, Denver, CO 80222, USA",ChIJHasRVOl9bIcRdpvQvq7qppw
Saigon Terrace,restaurants,"Denver, CO",(303) 759-0884,,https://sgterrace.wrewardspos.com/online-order,"1550 S Colorado Blvd #106, Denver, CO 80222, USA",ChIJd8dtcBR_bIcRiaHHCYzSBB0
Just Kool Jamaican Kitchen,restaurants,"Denver, CO",(720) 352-7604,,https://justkooljamaicankitchen.com/,"2000 S Colorado Blvd Building 4 Unit 102, Denver, CO 80222, USA",ChIJSyhxcRmJbIcR2HVuBl54_ys
Dave & Buster's Denver,restaurants,"Denver, CO",(303) 759-1515,,https://www.daveandbusters.com/us/en/about/locations/denver,"2000 S Colorado Blvd, Denver, CO 80222, USA",ChIJsy3kluF9bIcRwERZQZi1ReA
Little Anita's New Mexican Foods,restaurants,"Denver, CO",(303) 691-3337,,https://littleanitascateri.wixsite.com/little-anitas-denver,"1550 S Colorado Blvd #102, Denver, CO 80222, USA",ChIJVVUq73V-bIcRMO3wqt6wNFg
IHOP,restaurants,"Denver, CO",(303) 758-1492,,https://restaurants.ihop.com/en-us/co/denver/breakfast-1595-s.-colorado-blvd-2076?utm_source=google&utm_medium=organic&utm_campaign=google_my_business&utm_term=2076&utm_content=website,"1595 S Colorado Blvd, Denver, CO 80222, USA",ChIJJWNYx3V-bIcRw9jArGGBN6I
Lunchbox2025,restaurants,"Denver, CO",(720) 299-9855,,http://lunchbox.epipay.com/,"1873 S Bellaire St, Denver, CO 80222, USA",ChIJmxMaDzh9bIcRqAmzWUupNZw
Jaya Asian Grill,restaurants,"Denver, CO",(303) 757-7887,,http://jayadenver.com/,"1699 S Colorado Blvd B, Denver, CO 80222, USA",ChIJc7jqqXV-bIcRyqyhJig01X0
Noodles and Company,restaurants,"Denver, CO",(303) 504-0082,,https://locations.noodles.com/co/denver/1502-s-colorado-blvd?utm_campaign=soci&utm_medium=organic&utm_source=google,"1502 S Colorado Blvd, Denver, CO 80222, USA",ChIJ4QsTC3Z-bIcRpopFz6SMt90
CAVA,restaurants,"Denver, CO",(303) 539-6937,,http://try.cava.com/colorado/,"2023 S Colorado Blvd, Denver, CO 80222, USA",ChIJryAtZhN_bIcRANOJnxmDDh0
EL ZAGUAN COLOMBIAN FOOD,restaurants,"Denver, CO",(408) 478-5125,,,"2200 S Monaco St Pkwy, Denver, CO 80224, USA",ChIJ_UvnWgB9bIcR18hNLcXfFJQ
Massino’s Pizzeria,restaurants,"Denver, CO",(720) 532-8816,,http://www.massinospizzailiff.com/,"7531 E Iliff Ave, Denver, CO 80231, USA",ChIJf_O7JFx9bIcR4H0XFbD42Po
Popeyes Louisiana Kitchen,restaurants,"Denver, CO",(303) 745-3923,,https://www.popeyes.com/store-locator/store/restaurant_86594,"2150 S Quebec St, Denver, CO 80231, USA",ChIJ3ey-7ER9bIcRgMKgmbMecu4
Registan Kebab House,restaurants,"Denver, CO",(303) 369-0307,,http://registankebabhouseco.com/,"1842 S Parker Rd Unit 1, Denver, CO 80231, USA",ChIJaeIbDsF9bIcRGv94u_Vy3lE
Il Forno di Tutti,restaurants,"Denver, CO",(720) 771-3666,,https://ilfornoditutti.com/,"1627 S Havana St, Aurora, CO 80012, USA",ChIJkTnjFQB9bIcRwbuQTYlbBck
NAPO SWEET & SAVORY,restaurants,"Denver, CO",(720) 586-5780,,,"1802 S Havana St, Aurora, CO 80012, USA",ChIJQSH4ANd9bIcRr1BJmbR03Os
The Meltdown,restaurants,"Denver, CO",(303) 750-6425,,https://themeltdown.com/?utm_source=G&utm_medium=organic&utm_campaign=DAC,"1505 S Havana St, Aurora, CO 80012, USA",ChIJo-6b_UF9bIcRJ22McFP1VMc
Katsu Ramen,restaurants,"Denver, CO",(303) 751-2222,,http://katsuramen.com/,"1930 S Havana St #4, Aurora, CO 80014, USA",ChIJtzUL_Vx9bIcR89JCGU7E-uM
Loma bonita kitchen llc,restaurants,"Denver, CO",(720) 876-7252,,,"1701s S Havana St, Aurora, CO 80012, USA",ChIJ2ch4LQB9bIcRpyEtDTCFZJE
L Cafe & Food Court,restaurants,"Denver, CO",(720) 885-2955,,https://lcafe.food/,"1930 S Havana St #12, Aurora, CO 80014, USA",ChIJfcKJDQB9bIcRvRSGnFh8ENA
Angry Chicken,restaurants,"Denver, CO",(303) 353-2680,,https://angrychickenco.com/?utm_source=google,"1930 S Havana St #13-14, Aurora, CO 80014, USA",ChIJlzh8-lx9bIcRwMgyO9sRsWM
DAE GEE KOREAN BBQ,restaurants,"Denver, CO",(303) 873-6800,,https://daegee.com/daegeeaurora?utm_source=google,"1910 S Havana St Unit 1, Aurora, CO 80014, USA",ChIJiZrz5Fx9bIcR4HL0FI-Ryns
Gangnam GT Lounge & Karaoke,restaurants,"Denver, CO",(303) 953-8776,,https://www.gangnamgt.com/,"1930 S Havana St unit 15, Aurora, CO 80014, USA",ChIJo19AGQB9bIcRc9fISew7kXM
U&I BBQ KARAOKE BAR,restaurants,"Denver, CO",(303) 750-0059,,https://www.renjianyanhuoui.com/,"1555 S Havana St unit c, Aurora, CO 80012, USA",ChIJU832uNt9bIcRYZQ_B0KWu2c
Chopsticks A Go Go,restaurants,"Denver, CO",(720) 583-2839,,http://chopstickagogodenver.com/,"2000 S Havana St, Aurora, CO 80014, USA",ChIJZxWHohB9bIcRwfbEKJ4fd4w
Piramides Mexican Restaurant,restaurants,"Denver, CO",(303) 693-9519,,https://piramidesmexicanrestaurantco.com/,"1911 S Havana St, Aurora, CO 80014, USA",ChIJj5HHrAZ9bIcRxysU_mD_-so
Phở 75 Havana,restaurants,"Denver, CO",(303) 671-8899,,http://pho75havana.com/,"2050 S Havana St, Aurora, CO 80014, USA",ChIJJ7yOMFx9bIcRtMn5lhKnBrI
Ifka Cafe,restaurants,"Denver, CO",(303) 745-3770,,,"1535 S Havana St, Aurora, CO 80012, USA",ChIJ8ZSNgkF9bIcRscE8uBxC05U
Denny's Restaurant,restaurants,"Denver, CO",(303) 750-6425,,https://locations.dennys.com/CO/AURORA/247205?utm_source=G&utm_medium=organic&utm_campaign=DAC,"1505 S Havana St, Aurora, CO 80012, USA",ChIJSS_tnUF9bIcRM89ihNoLfZI
Tacos DF,restaurants,"Denver, CO",(303) 671-2986,,https://tacosdfco.com/,"2020 S Parker Rd, Denver, CO 80231, USA",ChIJy5mdSWR9bIcRgmhqO_b-XHs
Red Robin Gourmet Burgers and Brews,restaurants,"Denver, CO",(303) 671-7055,,http://www.redrobin.com/locations/co/aurora/havana-208,"1491 S Havana St, Aurora, CO 80012, USA",ChIJdVc2vUF9bIcRnOzqfweUnEk
Maandeeq East Africa Restaurant,restaurants,"Denver, CO",(303) 745-2355,,https://maandeeqcafe.square.site/,"1535 S Havana St, Aurora, CO 80012, USA",ChIJPZSNgkF9bIcR4lJ27K970bA
D'Gustoamericanfood truck,restaurants,"Denver, CO",(720) 418-0683,,https://www.instagram.com/Dgustoamericanfood/?__d=1%2F%2F,"1802 S Havana St, Aurora, CO 80012, USA",ChIJ95_bWQBjbIcR41Xe-hUaYgQ
SHAHI PIZZA GRILL,restaurants,"Denver, CO",(720) 372-7107,,http://shahipizzagrill.com/,"12203 E Iliff Ave, Aurora, CO 80014, USA",ChIJqwEOgJuHbIcRrmFYBdNvVwA
Phở Kim,restaurants,"Denver, CO",(303) 481-8020,,https://www.phokimcolorado.com/,"12203 E Iliff Ave unit h, Aurora, CO 80014, USA",ChIJiWiLMTWHbIcRMh0MKRyY8yc
Garlic Naan - Indian and Nepalese Restaurant & Bar,restaurants,"Denver, CO",(720) 722-2246,,https://www.garlicnaanrestaurant.com/,"1706 S Chambers Rd, Aurora, CO 80017, USA",ChIJ8YwTifhjbIcRO2awcTBcSv0
Tacos El Metate,restaurants,"Denver, CO",(720) 269-4320,,https://tacoselmetateco.com/,"1742 S Chambers Rd, Aurora, CO 80017, USA",ChIJ5V4AZdljbIcR21gxPHqQhqY
Fat Shack,restaurants,"Denver, CO",(720) 477-7805,,http://www.fatshack.com/,"1708 S Chambers Rd, Aurora, CO 80017, USA",ChIJzbdmRYNibIcRii4hk9GBHjI
Pitchers Sports Restaurant,restaurants,"Denver, CO",(303) 751-7115,,http://www.pitchers-bar-grill.com/,"1670 S Chambers Rd, Aurora, CO 80017, USA",ChIJZ-N2t4RibIcRDWLBEeqxm1c
Piazza's Italian Restaurant & Sportsbar,restaurants,"Denver, CO",(720) 379-7124,,https://piazzassportsbar.com/,"1770 S Buckley Rd, Aurora, CO 80017, USA",ChIJL38HBAhjbIcRXzB8N2plrcg
Culver’s,restaurants,"Denver, CO",(720) 766-4532,,http://www.culvers.com/restaurants/aurora-co-buckley-rd/?utm_source=Google&utm_medium=Maps&utm_campaign=Google+Places,"1736 S Buckley Rd, Aurora, CO 80017, USA",ChIJ__f_M7ZjbIcRGQ3fGzasZhw
Wingstop,restaurants,"Denver, CO",(303) 755-9464,,https://www.wingstop.com/location/wingstop-94-aurora-co-80013/menu?y_source=1_NTUyMDY1NjktNzE1LWxvY2F0aW9uLndlYnNpdGU%3D,"16883 E Iliff Ave Ste 106, Aurora, CO 80013, USA",ChIJN-Ou6dGJbIcRXMng2CAnlRI
Murphy Creek Tavern,restaurants,"Denver, CO",(303) 739-1510,,http://www.murphy-creek-tavern.com/,"1700 S Old Tom Morris Rd, Aurora, CO 80018, USA",ChIJRTRuGn2KbIcRaY7rYM1V6p8
African Grill and Bar - Lakewood Colorado,restaurants,"Denver, CO",(303) 985-4497,,http://www.africangrilllakewood.com/,"955 S Kipling Pkwy, Lakewood, CO 80226, USA",ChIJo_Pv--CBa4cRax02pHv4gs0
Sunrise Sunset,restaurants,"Denver, CO",(303) 986-6065,,http://www.sunrisebreakfast.com/,"1424 S Wadsworth Blvd, Lakewood, CO 80232, USA",ChIJHwjGKAKBa4cRt7KfyS0B_Zg
Nite Owl Sports Bar & Grill,restaurants,"Denver, CO",(303) 922-0797,,,"1050 S Wadsworth Blvd, Lakewood, CO 80226, USA",ChIJG5OUBR2Ba4cRVI3gtoyUOvk
Las Cazuelas,restaurants,"Denver, CO",(303) 935-2043,,,"6757 W Mississippi Ave, Lakewood, CO 80226, USA",ChIJS8TtOPuAa4cRsh_3wBM8H7k
Taqueria Nueva Union,restaurants,"Denver, CO",(720) 472-8848,,https://taquerianuevaunionco.com/,"1200 S Wadsworth Blvd, Lakewood, CO 80232, USA",ChIJMVQeBduBa4cRpEnrLLCHsoA
Curve Shoppette,restaurants,"Denver, CO",,,,"6795 W Mississippi Ave, Denver, CO 80226, USA",ChIJW8hGtnWBa4cRUBVpcBYiiHU
Man vs Fries,restaurants,"Denver, CO",,,https://www.getreef.com/?utm_source=GoogleMyBusiness&utm_medium=local-listing&y_source=1_MjY1OTkxOTAtNzE1LWxvY2F0aW9uLndlYnNpdGU%3D,"5519 W Mississippi Ave, Denver, CO 80226, USA",ChIJxRjDFWmBa4cRGoWA0P8s0as
Pizzeria Lui,restaurants,"Denver, CO",(303) 922-3202,,http://pizzerialui.com/,"5380 W Mississippi Ave, Lakewood, CO 80226, USA",ChIJq4ksR_KAa4cRiJr2QxI5tmI
Pueblita La Bella Sazon,restaurants,"Denver, CO",(720) 837-8268,,,"5110 Morrison Rd, Denver, CO 80219, USA",ChIJ03tjm7mBa4cRE6GVtVjPO5o
Boogie Down Bar,restaurants,"Denver, CO",(303) 934-2737,,,"5115 Morrison Rd, Denver, CO 80219, USA",ChIJFfQDpI2Aa4cR5vTWzNLM6sg
El Consome de Morelos II,restaurants,"Denver, CO",(720) 484-4498,,http://orderelconsomedemorelos2.com/,"924 S Sheridan Blvd Unit E, Denver, CO 80226, USA",ChIJwaiRBYGBa4cRFcyHC5Ez8Bo
Las Hijas de La Chilanga,restaurants,"Denver, CO",(303) 934-4071,,https://www.lashijasdelachilanga.net/,"4801 Morrison Rd, Denver, CO 80219, USA",ChIJJ-D6bj93bIcRXZupwCxdItA
Siete Salsas,restaurants,"Denver, CO",(303) 934-9124,,,"1350 S Sheridan Blvd, Denver, CO 80232, USA",ChIJL81iAIuAa4cRXIEBO2tV4HM
TaConMadres,restaurants,"Denver, CO",(303) 935-1713,,,"4275 W Florida Ave, Denver, CO 80219, USA",ChIJ4YFIAruBa4cRSjVHMrAJwJI
El Sabor De Mi Tierra,restaurants,"Denver, CO",(720) 253-9658,,https://www.elsabordemitierra.net/,"1395 S Sheridan Blvd, Lakewood, CO 80232, USA",ChIJvzhiHYuAa4cRglg1P6zeNiw
La Fonda,restaurants,"Denver, CO",(720) 242-7711,,http://www.lafondamexicanrestaurants.com/,"1195 S Sheridan Blvd, Lakewood, CO 80232, USA",ChIJMcHukoyAa4cRwv0105Cca8w
Imperial Dragon,restaurants,"Denver, CO",(303) 936-7468,,https://www.imperialdragonco.com/,"1232 S Sheridan Blvd, Denver, CO 80232, USA",ChIJL7VeeYuAa4cRNUc9PNeDmjM
Taco Unico,restaurants,"Denver, CO",(303) 936-4407,,http://taco-unico.com/,"1411 S Sheridan Blvd, Lakewood, CO 80232, USA",ChIJXWgt7oqAa4cRSqiQBt2jHaU
Tacontento,restaurants,"Denver, CO",,,https://tacontentomasco.com/,"3054 W Mississippi Ave, Denver, CO 80219, USA",ChIJb0PnPPR_bIcRmGnPQZkuY4c
KoBa • All You Can Eat Korean BBQ,restaurants,"Denver, CO",(303) 862-7255,,http://www.aycekoba.com/,"1225 S Federal Blvd, Denver, CO 80219, USA",ChIJL2Dsb2Z5bIcRAoYrPrrb3Zk
R&B Tacos & Grill,restaurants,"Denver, CO",(720) 244-9723,,https://www.randbtacosandgrill.com/,"Denver, CO 80219, USA",ChIJU7M2JgCBa4cRJKnzWhYJliU
Chef JB's,restaurants,"Denver, CO",,,,"3600 W Mississippi Ave, Denver, CO 80219, USA",ChIJmY948g5_bIcRpAObRxIGY2A
Pho Duy Denver,restaurants,"Denver, CO",(303) 937-1609,,http://phoduyrestaurant.com/,"925 S Federal Blvd, Denver, CO 80219, USA",ChIJnRU3kXt_bIcR5uk1DoaWdLM
Now Phở,restaurants,"Denver, CO",(720) 739-3939,,https://nowphodenver.com/?utm_source=google,"1195 S Federal Blvd, Denver, CO 80219, USA",ChIJz1_Z2Hh_bIcRLCbx9t0PPS0
El Pulgarcito de Bukele restaurant,restaurants,"Denver, CO",(720) 762-4603,,,"945 S Federal Blvd, Denver, CO 80219, USA",ChIJ1cKPBVx_bIcRqOYR-cesRpA
Phở 95,restaurants,"Denver, CO",(303) 936-3322,,https://pho95noodlehouse.com/ph95-denver?utm_source=google,"1401 S Federal Blvd, Denver, CO 80219, USA",ChIJJS_LO4J_bIcRigFkpJAdLwM
SUVIPA Thai Food,restaurants,"Denver, CO",(720) 379-6038,,https://www.suvipathaifooddenver.com/,"1015 S Federal Blvd, Denver, CO 80219, USA",ChIJdfbo43t_bIcRuNJclk2sQtw
Hoong's Kitchen,restaurants,"Denver, CO",(303) 934-3181,,,"881 S Federal Blvd, Denver, CO 80219, USA",ChIJn2k3c3t_bIcR3_bA1_82ieI
J's Noodles Star Thai,restaurants,"Denver, CO",(303) 922-5495,,http://jnst2.blogspot.com/,"945 S Federal Blvd E, Denver, CO 80219, USA",ChIJnRU3kXt_bIcRVyq6QDbzr-w
Star Kitchen,restaurants,"Denver, CO",(303) 936-0089,,http://starkitchenco.com/,"2917 W Mississippi Ave, Denver, CO 80219, USA",ChIJs2jKDHl_bIcRrt4GKQUiUR8
Mamacitas,restaurants,"Denver, CO",(303) 955-1091,,,"924 S Federal Blvd, Denver, CO 80219, USA",ChIJZawSmrp_bIcRHFTo2D9Fe8M
Tacos El Corazon De Mexico,restaurants,"Denver, CO",,,,"1340 S Federal Blvd, Denver, CO 80219, USA",ChIJAarfAyF_bIcRFbOGv4SRCVI
Hong Kong BBQ,restaurants,"Denver, CO",(303) 937-9088,,,"1048 S Federal Blvd, Denver, CO 80219, USA",ChIJf6CDYHl_bIcRxfGJNroxvO8
Phở 555,restaurants,"Denver, CO",(303) 936-1000,,https://pho555.shop/,"1098 S Federal Blvd, Denver, CO 80219, USA",ChIJrzOHaHl_bIcRM867LekeBmw
Phở 96 Vietnamese Restaurant,restaurants,"Denver, CO",(303) 568-9262,,https://orderpho96.com/,"2990 W Mississippi Ave, Denver, CO 80219, USA",ChIJjwWPE3l_bIcRUn1TxLV_4i4
Wings & Burgers PRIME,restaurants,"Denver, CO",(720) 243-7511,,https://wingsandburgerstogo.com/,"1733 W Mississippi Ave Unit B, Denver, CO 80223, USA",ChIJZ5D0FZSBa4cReKlV5lE4S3E
Adelitas Cocina Y Cantina,restaurants,"Denver, CO",(303) 778-1294,,https://www.adelitasco.com/,"1294 S Broadway, Denver, CO 80210, USA",ChIJ1bxRZqt_bIcRULsVKQ_FC5c
LaTinto Café,restaurants,"Denver, CO",(303) 722-0587,,http://latintocafe.com/,"1417 S Broadway, Denver, CO 80210, USA",ChIJ4QbTjeR_bIcR6CjCBL1Z7K4
Joy Hill Denver,restaurants,"Denver, CO",(303) 954-8784,,http://www.joyhilldenver.com/,"1229 S Broadway, Denver, CO 80210, USA",ChIJBdFeACB_bIcRID5tN4Ha2sA
Maria Empanada - South Broadway,restaurants,"Denver, CO",(303) 934-2221,,https://www.mariaempanada.com/,"1298 S Broadway, Denver, CO 80210, USA",ChIJBf0PA42Aa4cRuKS4TlTfJDg
La Doña Mezcaleria,restaurants,"Denver, CO",(303) 778-1294,,http://www.ladoñamezcaleria.com/,"13 E Louisiana Ave, Denver, CO 80210, USA",ChIJz3p7Xat_bIcRx4DvKkbNE1k
Cluck Chicken,restaurants,"Denver, CO",(720) 379-3131,,https://cluckchicken.co/,"1384 S Broadway, Denver, CO 80210, USA",ChIJdbGe6qx_bIcRDoyq4hKERtE
Monolith Brewing,restaurants,"Denver, CO",(303) 381-1222,,https://www.monolithbrewing.com/,"1290 S Broadway, Denver, CO 80210, USA",ChIJwekEBL1_bIcRLp_XjCL2l-A
Somebody People,restaurants,"Denver, CO",(720) 502-5681,,https://www.somebodypeople.com/,"1165 S Broadway #104, Denver, CO 80210, USA",ChIJU2UMlsl_bIcRKbQQ5Ly1Wsk
Rome's Saloon,restaurants,"Denver, CO",(303) 778-9976,,http://www.romessaloon.com/,"785 W Mississippi Ave, Denver, CO 80223, USA",ChIJ9wzD8Ad_bIcRniyrX0kTyks
GB Fish & Chips,restaurants,"Denver, CO",(720) 570-5103,,https://gbfishandchips.com/,"1311 S Broadway, Denver, CO 80210, USA",ChIJ-7zPnax_bIcRAdvr0yO8YYU
Lincoln's Roadhouse,restaurants,"Denver, CO",(303) 777-3700,,http://www.lincolnsroadhouse.com/,"1201 S Pearl St, Denver, CO 80210, USA",ChIJZZPIFlR-bIcRmG4EdudSti0
HOJA,restaurants,"Denver, CO",(303) 777-5919,,http://www.hojadenver.com/,"1284 S Pearl St, Denver, CO 80210, USA",ChIJQ8J7wtN_bIcROnovymIhx9I
Kaos Pizzeria,restaurants,"Denver, CO",(303) 733-5267,,https://kaospizzeria.com/,"1439 S Pearl St, Denver, CO 80210, USA",ChIJX1OXMFJ-bIcR17sTQjC35rA
Kentucky Inn,restaurants,"Denver, CO",(303) 778-9600,,https://kentuckyinndenver.com/,"890 S Pearl St, Denver, CO 80209, USA",ChIJa1TfM_9-bIcRvf4DyKvRccI
Duffeyroll Bakery Cafe,restaurants,"Denver, CO",(303) 953-6890,,https://www.duffeyrolls.com/,"1290 S Pearl St, Denver, CO 80210, USA",ChIJwfq6_FN-bIcRvmH_jv0EHDE
Green Collective Eatery Wash Park,restaurants,"Denver, CO",(303) 953-1925,,https://www.greencollectiveeatery.com/,"1058 S Gaylord St, Denver, CO 80209, USA",ChIJzSdiVGJ_bIcRdFxrvAc4E_E
Max Gill & Grill,restaurants,"Denver, CO",(303) 722-7456,,http://www.maxgillandgrill.com/,"1052 S Gaylord St, Denver, CO 80209, USA",ChIJTb93mGB-bIcRWCeM7fAvEHk
The Cookery at Myrtle Hill,restaurants,"Denver, CO",(303) 733-7448,,https://thecookeryatmyrtlehill.com/,"1020 S Gaylord St, Denver, CO 80209, USA",ChIJHcsCm2B-bIcRsqU4A81HUE8
Reivers Bar & Grill,restaurants,"Denver, CO",(303) 733-8856,,https://www.reiversbarandgrill.com/,"1085 S Gaylord St, Denver, CO 80209, USA",ChIJF3iFpWB-bIcREtCdoVQHGn4
Perdida - Mexican Kitchen,restaurants,"Denver, CO",(303) 529-1365,,https://www.perdidakitchen.com/,"1066 S Gaylord St, Denver, CO 80209, USA",ChIJ6SLJhPt_bIcRQoZeFPZ1E_A
Homegrown Tap & Dough,restaurants,"Denver, CO",(720) 459-8736,,https://www.tapanddough.com/,"1001 S Gaylord St, Denver, CO 80209, USA",ChIJ11OHgWB-bIcR9CCrhPwANNY
Wash Park Social,restaurants,"Denver, CO",(720) 750-7925,,https://thewashparksocial.com/,"1096 S Gaylord St, Denver, CO 80209, USA",ChIJC0TZL7p_bIcR8SnGjHtmeR8
Toki Ramen & Sushi,restaurants,"Denver, CO",(720) 749-4055,,,"1390 S Colorado Blvd #120, Denver, CO 80222, USA",ChIJs-zbUAB_bIcRSqK0jgBSBTs
Lan’s Noodles & Dumplings 兰州拉面,restaurants,"Denver, CO",(720) 387-8432,,http://www.lansdenver.com/,"1000 S Colorado Blvd #102, Glendale, CO 80246, USA",ChIJYR6M7O1_bIcRu0LomWtQ5jM
Crave Mediterranean Grill,restaurants,"Denver, CO",(720) 379-8465,,http://www.cravemediterraneangrill.com/,"1000 S Colorado Blvd Ste 103, Glendale, CO 80246, USA",ChIJlYDYtDJ_bIcRw9Vp_cT3ZHk
Raising Cane's Chicken Fingers,restaurants,"Denver, CO",(303) 758-5012,,https://locations.raisingcanes.com/co/denver/1190-south-colorado-boulevard,"1190 S Colorado Blvd, Denver, CO 80246, USA",ChIJk4aKdkZ_bIcRF2rFZUkgC4g
PokeCity Glendale,restaurants,"Denver, CO",(303) 954-0005,,,"1128 S Colorado Blvd, Denver, CO 80246, USA",ChIJ69Tbb3h-bIcRA00dt9ijSIQ
Caitlin's,restaurants,"Denver, CO",(303) 798-6600,,http://www.caitlinsrestaurant.hrpos.heartland.us/,"4379 E Mississippi Ave, Denver, CO 80246, USA",ChIJgXvirdd9bIcRAvpW1BsVV-w
COCONINO - Snacks&Tea,restaurants,"Denver, CO",(720) 389-8348,,https://linktr.ee/coconinosnacktea,"1390 S Colorado Blvd Suite 140, Denver, CO 80222, USA",ChIJyaIpQgB_bIcR3yciuO_Q_TM
Viale Pizza & Kitchen,restaurants,"Denver, CO",(303) 495-3065,,http://vpkdenver.com/,"1390 S Colorado Blvd Suite 190, Denver, CO 80222, USA",ChIJS2GyNHZ-bIcRmbsOtPpNQow
Starbird Chicken,restaurants,"Denver, CO",(303) 856-7822,,http://starbirdchicken.com/,"965 S Colorado Blvd, Denver, CO 80246, USA",ChIJd7ySZQB_bIcRH18xzcT_at8
Wingstop,restaurants,"Denver, CO",(303) 759-9464,,https://www.wingstop.com/location/wingstop-1091-glendale-co-80222/menu?y_source=1_NTUyMDY4NDUtNzE1LWxvY2F0aW9uLndlYnNpdGU%3D,"1108 S Colorado Blvd, Glendale, CO 80222, USA",ChIJCfQOZ3Z-bIcRJtFd5NmHKds
Little Venice Pizza - Glendale,restaurants,"Denver, CO",(720) 531-3850,,https://littlevenicepizzaglendale.com/,"4615 E Mississippi Ave, Denver, CO 80246, USA",ChIJL4ikUAB9bIcRnID9WcMP25M
Tia's Taqueria,restaurants,"Denver, CO",(720) 800-8226,,https://www.tiastaquerias.com/,"1495 S Holly St, Denver, CO 80222, USA",ChIJTYpQB7B9bIcRAIR87xexYSk
Ming's Dynasty,restaurants,"Denver, CO",(303) 757-4923,,https://www.mingsdynastydenver.com/,"4251 E Mississippi Ave, Denver, CO 80246, USA",ChIJ3U-avi99bIcR7gRofiAPEn0
Thai Pot Cafe,restaurants,"Denver, CO",(303) 639-6200,,https://thaipotcafe.com/,"1350 S Colorado Blvd #191, Denver, CO 80222, USA",ChIJVVUq73V-bIcRijPeslA0umc
Las Delicias Glendale,restaurants,"Denver, CO",(303) 692-0912,,http://www.lasdelicias.us/,"4301 E Kentucky Ave, Glendale, CO 80246, USA",ChIJCWhnjdV9bIcRZqNSVAwZb98
ASLI Mediterranean grill,restaurants,"Denver, CO",(720) 726-2926,,http://www.asligrill.com/,"970 S Oneida St unit 5, Denver, CO 80224, USA",ChIJ9RPKP5Z9bIcRhHeTLUCwrus
Pomodoro Pizza Pasta,restaurants,"Denver, CO",(303) 320-1104,,http://pomodoropizzapastallc.com/,"962 S Monaco St Pkwy, Denver, CO 80224, USA",ChIJcSTefgB9bIcRnLjs3HXciq4
Restaurant National,restaurants,"Denver, CO",(720) 261-3939,,,"909 S Oneida St #1b, Denver, CO 80224, USA",ChIJ48qs27B9bIcR88zhdnI3Nlg
Marina's Italian Cuisine,restaurants,"Denver, CO",(303) 872-3873,,https://marinasitaliancuisine.com/,"1422 S Parker Rd Ste A-144, Denver, CO 80231, USA",ChIJ1b57Llx9bIcRCgARhAS1zh0
Viva Burrito CO,restaurants,"Denver, CO",(303) 320-4753,,http://vivaburritoco.com/,"6990 Leetsdale Dr, Denver, CO 80224, USA",ChIJ6Sm587B9bIcR2luBGVVewDs
The Local,restaurants,"Denver, CO",(303) 752-8272,,http://instagram.com/thelocal303,"9099 Mississippi Ave, Denver, CO 80247, USA",ChIJVaJdU359bIcRhwGBdKvD80w
Sumac Street,restaurants,"Denver, CO",(720) 750-5844,,http://sumacstreet.com/,"7950 E Mississippi Ave A, Denver, CO 80247, USA",ChIJJ-vsKRZ9bIcRi28evh00_SY
Shawarma House Inc,restaurants,"Denver, CO",(720) 923-3333,,https://www.theshawarmahouseinc.com/,"1412 S Parker Rd A126, Denver, CO 80231, USA",ChIJN2RdYHl9bIcR08b5GdSgppE
Dondemariaempanadas,restaurants,"Denver, CO",(983) 218-3466,,,"9960 E Wyoming Pl, Aurora, CO 80247, USA",ChIJpXb_MAh9bIcRkKDjiZV9wwU
Golden Shanghai Restaurant(SUSHI),restaurants,"Denver, CO",(303) 743-9079,,http://goldenshanghaico.com/,"1412 S Parker Rd A134, Denver, CO 80231, USA",ChIJz21TNXV9bIcR0Jlpk2t7Yoc
Phở 89,restaurants,"Denver, CO",(303) 750-3223,,https://www.pho89denver.com/,"1180 S Parker Rd, Denver, CO 80231, USA",ChIJbV2Q0KZ9bIcRXYF4X3lpHTE
Dave's Hot Chicken,restaurants,"Denver, CO",(720) 504-1798,,https://daveshotchicken.com/,"1223 S Iola St, Aurora, CO 80012, USA",ChIJhcii7CR9bIcRbGexaCevw74
Maiwand kabob,restaurants,"Denver, CO",(720) 967-6501,,https://www.maiwandkabobco.com/,"10551 E Garden Dr ste 106, Aurora, CO 80012, USA",ChIJUReZ_nl9bIcRZGCbp4Wk2FA
Backstreet Tavern and Grill,restaurants,"Denver, CO",(303) 745-4003,,https://backstreet-tavern.com/,"1150 S Galena St, Aurora, CO 80247, USA",ChIJtZSy1T99bIcR6rXOJP3MY-U
Big Daddy's Pizza And Wings,restaurants,"Denver, CO",(303) 696-2199,,https://bigdaddyspizzaco.com/order/big-daddys-pizza-aurora-1155-s-havana-st,"1155 S Havana St, Aurora, CO 80012, USA",ChIJA2EQtj99bIcRnPbTzHFHvyc
Tacos el Comando,restaurants,"Denver, CO",,,https://tacoselcomando.com/,"10955 E Mississippi Ave, Aurora, CO 80012, USA",ChIJF4OmnpGhbocRDqNobG0y7lA
Los TacoAches,restaurants,"Denver, CO",(720) 238-4676,,https://www.lostacoaches.co/,"11091 E Mississippi Ave, Aurora, CO 80012, USA",ChIJ5WMrWQCJbIcRHEiuqVYel4I
Applebee's Grill + Bar,restaurants,"Denver, CO",(720) 748-2617,,https://restaurants.applebees.com/en-us/co/aurora/10501-e.-garden-dr.-78002?utm_source=google&utm_medium=organic&utm_campaign=google_my_business&utm_term=78002&utm_content=website,"10501 E Garden Dr, Aurora, CO 80012, USA",ChIJ6zqrgUB9bIcRo6hO0jciEHM
La Sazon de Irene,restaurants,"Denver, CO",(941) 251-9962,,,"1155 S Havana St #35, Aurora, CO 80012, USA",ChIJt52oSQB9bIcR3lp561jKi6k
Alejo's burgers,restaurants,"Denver, CO",(720) 461-7675,,https://instagram.com/alejosburgersdenver?igshid=MWI4MTIyMDE=,"10799 E Mississippi Ave, Aurora, CO 80012, USA",ChIJ0-sCIod9bIcR85trx9gDmRk
Fidel East African Restaurant,restaurants,"Denver, CO",(720) 476-3027,,,"1074 S Ironton St, Aurora, CO 80012, USA",ChIJ5_Lnyz59bIcRrbP0OqKuL5g
Mariscos Los 3 Rios,restaurants,"Denver, CO",(303) 997-6290,,https://mariscoslostresrios.com/,"921 S Havana St, Aurora, CO 80012, USA",ChIJI-DEGZF9bIcRPS9CLS5Oxag
Entrepanas Grill LLC,restaurants,"Denver, CO",(720) 654-0952,,,"1450 S Havana St, Aurora, CO 80012, USA",ChIJheVHZgB9bIcR3hfnjN1gn88
Noodles and Company,restaurants,"Denver, CO",(303) 695-6000,,https://locations.noodles.com/co/aurora/10550-e-garden-drive?utm_campaign=soci&utm_medium=organic&utm_source=google,"10550 E Garden Dr, Aurora, CO 80012, USA",ChIJs27of0B9bIcRiJlLNqwelSU
Sabor Venezolana,restaurants,"Denver, CO",,,,"1450 S Havana St, Aurora, CO 80012, USA",ChIJ1Q1uGAB9bIcRUcyWnjNFT4k
La Jerezana Grill,restaurants,"Denver, CO",(720) 298-4225,,,"1450 S Havana St, Aurora, CO 80012, USA",ChIJkfQGz0ljbIcRML0P6BQs5O8
La Parrilla Ajua,restaurants,"Denver, CO",(720) 885-1917,,,"12051 E Mississippi Ave, Aurora, CO 80012, USA",ChIJLywvUtl9bIcRAwh51rNNMDQ
Afghan Taste Restaurant & Bakery رستورانت و نانوایی افغان تیست,restaurants,"Denver, CO",(720) 486-0475,,https://afghantasterestaurantbakeryco.com/,"12405 E Mississippi Ave #200, Aurora, CO 80012, USA",ChIJvbl5QgBjbIcR29NqeCVoFl8
Pinche Pollo,restaurants,"Denver, CO",(303) 993-5649,,https://pinchepolloco.com/,"12158 E Mississippi Ave, Aurora, CO 80012, USA",ChIJeZIs0R59bIcRYzaEgt6O6m0
The Pork.Let,restaurants,"Denver, CO",(303) 364-1287,,https://foodhere.co/porklet,"12201 E Mississippi Ave #123B, Aurora, CO 80012, USA",ChIJUbxiofJ9bIcRo81N1u0OwLE
Zula Cafe & Lounge,restaurants,"Denver, CO",(303) 635-6071,,,"1121 S Peoria St, Aurora, CO 80012, USA",ChIJ-89nnUp9bIcRZQrODYhgQXI
Thai Flavor LLC,restaurants,"Denver, CO",(720) 859-7648,,http://thaiflavorrestaurants.com/,"1014 S Peoria St, Aurora, CO 80012, USA",ChIJA1oj5jR9bIcRAKHoQEvSWko
Fortune Kitchen,restaurants,"Denver, CO",(303) 369-9387,,https://www.fortunekitchenco.com/,"12120 E Mississippi Ave, Aurora, CO 80012, USA",ChIJJ8S3I4Z9bIcRSTRtAl-WsGo
Mile High Pizza & Grill,restaurants,"Denver, CO",(303) 600-8818,,https://www.milehighpizzaandgrill.com/,"1010 S Peoria St, Aurora, CO 80012, USA",ChIJh4mA0DR9bIcRE2KsmfAZe0g
Saigon Bistro,restaurants,"Denver, CO",(303) 745-1637,,http://saigonbistro.co/,"12303 E Mississippi Ave #145, Aurora, CO 80012, USA",ChIJieB9Zdh9bIcR39aCz8T97S4
IHOP,restaurants,"Denver, CO",(303) 743-7474,,https://restaurants.ihop.com/en-us/co/aurora/breakfast-13700-e-mississippi-ave-1821?utm_source=google&utm_medium=organic&utm_campaign=google_my_business&utm_term=1821&utm_content=website,"13700 E Mississippi Ave, Aurora, CO 80012, USA",ChIJzZBrObhibIcRjFX91TSalUQ
Cafe Paprika,restaurants,"Denver, CO",(303) 755-4150,,https://cafepaprika.tripod.com/id3.htm,"13160 E Mississippi Ave, Aurora, CO 80012, USA",ChIJawwwPbZibIcRdxFgg2nD-_8
Tipicos Deli Salvadorian Fast Food,restaurants,"Denver, CO",(720) 216-5024,,,"13110 E Mississippi Ave, Aurora, CO 80012, USA",ChIJqTVWHwBjbIcRgT7UaQ35sgw
Senor Ric's Mexican Restaurant,restaurants,"Denver, CO",(303) 750-9000,,http://www.senorrics.net/,"13200 E Mississippi Ave, Aurora, CO 80012, USA",ChIJQ1LDtbdibIcR5WDiN_ytHTk
Wings Pier Seafood & Wings (Aurora Store),restaurants,"Denver, CO",(303) 942-1603,,https://wingspier.com/,"13950 E Mississippi Ave, Aurora, CO 80012, USA",ChIJ_9M4TwBjbIcRqvlVN_PeAuc
La Morena Mexican Restaurant 2,restaurants,"Denver, CO",(303) 751-2561,,https://lamorenamexrest.com/lamorena2,"13800 E Mississippi Ave, Aurora, CO 80012, USA",ChIJixPCkYhjbIcRwFi5Z4tqW3g
Guadalajara Family Mexican Restaurant,restaurants,"Denver, CO",(303) 696-0903,,https://guadalajaraurora.com/,"1001 S Abilene St, Aurora, CO 80012, USA",ChIJEyCmVMdibIcRdmouZztea2U
Hibachi Grill & Supreme Buffet,restaurants,"Denver, CO",(303) 337-4264,,https://hibachigrillcotogo.com/,"1026 S Sable Blvd, Aurora, CO 80012, USA",ChIJvVxO_ZRibIcRif1u4ugRa18
Bua Traditional Thai Cuisine (Tasty Thai Lotus),restaurants,"Denver, CO",(720) 262-9923,,https://buathai.mlpo.org/,"950 S Abilene St, Aurora, CO 80012, USA",ChIJoQqOycBibIcRwr6T3aP_Ukk
Tokyo Joe's - Mississippi,restaurants,"Denver, CO",(720) 974-9364,,http://tokyojoes.com/,"13950 E Mississippi Ave, Aurora, CO 80012, USA",ChIJBQ7Aqr9ibIcRpZiEvC4Lpik
Cuba Bakery & Café,restaurants,"Denver, CO",(303) 752-2822,,https://cubabakeryandcafe.com/,"15028 E Mississippi Ave, Aurora, CO 80012, USA",ChIJv1ZsMJJibIcRu0hYL3RP6Wo
Sabor Colombiano,restaurants,"Denver, CO",(720) 471-9785,,https://www.saborcolombianosandrita.com/,"13881 E Mississippi Ave, Aurora, CO 80012, USA",ChIJK0np1syHbIcREs-eT3ULzBQ
Smoke-N-Byrdz,restaurants,"Denver, CO",(303) 997-2728,,https://smoken-byrdz.com/,"1200 S Buckley Rd, Aurora, CO 80017, USA",ChIJjfFpOiBjbIcR4cDhRYy-qUU
No Ke Aloha,restaurants,"Denver, CO",(720) 492-4321,,http://www.nokealoha.com/,"854 S Buckley Rd, Aurora, CO 80017, USA",ChIJ38UT-nZjbIcR4yzwcYuWnts
La Calle Grill,restaurants,"Denver, CO",(720) 760-2243,,https://lacalle01.com/,"16800 E Mississippi Ave, Aurora, CO 80017, USA",ChIJnWfEMZ5jbIcRfjLglWwOQkM
Tortisimas,restaurants,"Denver, CO",(303) 750-2224,,,"15021 E Mississippi Ave, Aurora, CO 80012, USA",ChIJ2Z2CUpJibIcRaapapKzccvk
Sugami Hibachi Express,restaurants,"Denver, CO",(303) 745-2935,,http://www.sugamihibachiexpress.com/,"15434 E Mississippi Ave, Aurora, CO 80017, USA",ChIJhddVf45ibIcRV7iCaWuTJlo
Massino's Pizzeria,restaurants,"Denver, CO",(720) 762-4435,,https://massinospizzaaurora.com/,"1250 S Buckley Rd, Aurora, CO 80017, USA",ChIJY_nfLmVibIcR3VAnvC2zkRo
Thai Bite of Fusion,restaurants,"Denver, CO",(303) 755-7676,,http://thaibitefusion.com/,"2301, 1155 S Tower Rd UNIT C, Aurora, CO 80017, USA",ChIJp-W4gxJibIcRoF5_TIrB6ro
Senor Miguels,restaurants,"Denver, CO",(303) 360-7784,,,"894 S Buckley Rd, Aurora, CO 80017, USA",ChIJvfq7Qu9ibIcRt_sSlImUzhI
Manning's Steaks and Spirits,restaurants,"Denver, CO",(720) 484-6567,,https://www.manningssteaksandspirits.com/,"11100 W Alameda Ave, Lakewood, CO 80226, USA",ChIJr30kRtGBa4cRUS-Wiq7Hz_E
First Watch,restaurants,"Denver, CO",(720) 287-5353,,http://www.firstwatch.com/locations/lakewood/?utm_source=gbp-listing&utm_medium=organic&utm_campaign=gbp-listing&utm_content=lakewood,"Ste 101&102, 7830 W Alameda Ave #101&102, Lakewood, CO 80226, USA",ChIJxy9F5viBa4cR-U-9EnmujAY
IHOP,restaurants,"Denver, CO",(720) 974-0757,,https://restaurants.ihop.com/en-us/co/lakewood/breakfast-389-s.-wadsworth-blvd-3519?utm_source=google&utm_medium=organic&utm_campaign=google_my_business&utm_term=3519&utm_content=website,"389 S Wadsworth Blvd, Lakewood, CO 80226, USA",ChIJr2SJPCGBa4cRzkT6iOP1Kx4
Flash Burrito Truck,restaurants,"Denver, CO",(720) 298-6687,,,"Denver, CO 80226, USA",ChIJ45MXOACBa4cRMAJlZqmqe7E
Sushi grab and go,restaurants,"Denver, CO",(972) 537-6605,,,"7984 W Alameda Ave, Lakewood, CO 80226, USA",ChIJBZ6-NH2Ba4cRliSqmeUu00s
Olive Garden Italian Restaurant,restaurants,"Denver, CO",(303) 231-0083,,https://www.olivegarden.com/locations/co/lakewood/belmar/1486?cmpid=br:og_ag:ie_ch:loc_ca:OGGMB_sn:gmb_gt:lakewood-co-1486_pl:locurl_rd:1364,"7655 W Alameda Ave, Lakewood, CO 80226, USA",ChIJQUuc3SaBa4cRmSO0wvksHKM
Tstreet Roadhouse,restaurants,"Denver, CO",(303) 936-5179,,https://www.tstreetroadhouse.com/,"445 S Teller St, Lakewood, CO 80226, USA",ChIJyQ_zpd-Aa4cRp1soZKwbX9w
Great Divide Brewery & Roadhouse,restaurants,"Denver, CO",(720) 805-2626,,https://www.greatdividebreweryandroadhouse.com/,"7260 W Alaska Dr, Lakewood, CO 80226, USA",ChIJq6q6C9-Aa4cRGBy6B--Kqb0
Mason's Dumpling Shop - Lakewood,restaurants,"Denver, CO",(303) 955-2823,,https://order.online/business/-233302,"6981 W Alaska Dr, Lakewood, CO 80226, USA",ChIJi0AELdiBa4cReWK4t4LFncs
GQue BBQ Lakewood,restaurants,"Denver, CO",(720) 524-3660,,https://gquebbq.com/,"7085 W Alaska Dr, Lakewood, CO 80226, USA",ChIJI68Eg7yBa4cR-XUWdbg9fbc
Pardon My Cheesesteak,restaurants,"Denver, CO",(888) 444-0934,,https://pardonmycheesesteak.com/?e=1250117770,"389 S Wadsworth Blvd, Lakewood, CO 80226, USA",ChIJd-qzFHqBa4cRnP4fDrVXjyo
Lady Nomada - Mexican Kitchen,restaurants,"Denver, CO",(720) 790-8255,,https://www.nomadakitchen.com/,"7167 W Alaska Dr, Lakewood, CO 80226, USA",ChIJwxaJkfuBa4cRilCEz3m-3R8
The Rock Wood Fired Pizza,restaurants,"Denver, CO",(303) 454-3282,,https://www.therockwfp.com/,"7399 W Alaska Dr, Denver, CO 80226, USA",ChIJ33kZmiCBa4cR_XZwQT3MMDE
Poke We,restaurants,"Denver, CO",(720) 638-1098,,http://www.pokewe.com/,"7357 W Alaska Dr, Lakewood, CO 80226, USA",ChIJM8apsPmBa4cRlflIb5m9uh0
The French Press,restaurants,"Denver, CO",(303) 984-5447,,http://www.myfrenchpress.com/,"7323 W Alaska Dr, Lakewood, CO 80226, USA",ChIJY0LwgvmDa4cRuNuUQEqCxD4
Bad Ass Coffee of Hawaii,restaurants,"Denver, CO",(720) 702-0730,,,"7250 W Alaska Dr #200, Lakewood, CO 80226, USA",ChIJ00BYU3GBa4cRuaA45IudGBQ
Cinemark Century Bel Mar 16 and XD,restaurants,"Denver, CO",(303) 935-3238,,https://www.cinemark.com/theatres/co-lakewood/cinemark-century-bel-mar-16-and-xd?utm_medium=organic&utm_source=gmb&utm_campaign=local_listing_theater&utm_content=GMB_listing&y_source=1_MTc0OTI5MDAtNzE1LWxvY2F0aW9uLndlYnNpdGU%3D,"440 S Teller St, Lakewood, CO 80226, USA",ChIJbTlTr9-Aa4cRky4_HQnjwRI
Birdcall,restaurants,"Denver, CO",(720) 823-7444,,http://eatbirdcall.com/,"444 S Wadsworth Blvd, Lakewood, CO 80226, USA",ChIJcX3zt_GBa4cRulkxEqtgu6s
Ted's Montana Grill,restaurants,"Denver, CO",(303) 922-7770,,https://www.tedsmontanagrill.com/tmg025.html,"330 S Teller St bldg 3m1, Lakewood, CO 80226, USA",ChIJVVUVJt-Aa4cRYzGyjJhyb7I
Belmar Asia,restaurants,"Denver, CO",(303) 238-8989,,https://phobelmarasia.com/?utm_source=google,"7215 W Alameda Ave, Lakewood, CO 80226, USA",ChIJ4SW8t9iAa4cRFn2ZSpK8tjs
Noodles and Company,restaurants,"Denver, CO",(303) 716-3550,,https://locations.noodles.com/co/lakewood/7740-west-alameda?utm_campaign=soci&utm_medium=organic&utm_source=google,"7740 W Alameda Ave, Lakewood, CO 80226, USA",ChIJ8630FSGBa4cR9Cervkb2QWA
Wasabi,restaurants,"Denver, CO",(303) 935-8888,,http://wasabi-colorado.com/,"433 S Teller St, Lakewood, CO 80226, USA",ChIJ-1f_pt-Aa4cRu5vooWi4jEk
"Pho Saigon Basil at Belmar, Lakewood",restaurants,"Denver, CO",(303) 922-6100,,https://phosaigonbasil.com/phosaigonbasil-lakewood?utm_source=google,"7057 W Alaska Dr, Lakewood, CO 80226, USA",ChIJZ3t_i96Aa4cRRfUWDQbUu48
El Tapatio Mexican Restaurant,restaurants,"Denver, CO",(720) 583-1621,,http://www.eltapatiomexicanrestaurants.biz/,"1080 S Wadsworth Blvd, Denver, CO 80226, USA",ChIJCSmlER2Ba4cR4wr9z6P-4l4
El Tapatio Mexican Restaurant,restaurants,"Denver, CO",(303) 239-9872,,https://www.eltapatiomexicanrestaurants.biz/,"7301 W Alameda Ave, Lakewood, CO 80226, USA",ChIJkbeRr9iAa4cRjUW0h7x5iI0
Little India Restaurant and Bar,restaurants,"Denver, CO",(303) 937-9777,,https://www.littleindiadenvercolorado.com/,"425 S Teller St, Lakewood, CO 80226, USA",ChIJGwoYqN-Aa4cRR7cRsBTePiE
Smashburger,restaurants,"Denver, CO",(303) 217-8441,,https://smashburger.com/locations/us/co/lakewood/7740-w-alameda-ave?utm_medium=organic&utm_source=local&utm_campaign=googlelistings&utm_content=website&utm_term=1361,"7740 W Alameda Ave Suite B, Lakewood, CO 80226, USA",ChIJ8630FSGBa4cRfvjitnYTuEE
Pancho’s Birria y Mas,restaurants,"Denver, CO",(720) 799-6858,,,"6401 W Alameda Ave, Lakewood, CO 80226, USA",ChIJ3cVhvWCBa4cRXIus4YmP07k
P.F. Chang's,restaurants,"Denver, CO",(303) 922-5800,,https://locations.pfchangs.com/co/lakewood/7210-w-alameda-ave.html?utm_source=google_gbp&utm_medium=organic,"7210 W Alameda Ave, Lakewood, CO 80226, USA",ChIJj514rSCBa4cRn1UBXj-8nqU
Max Pizza Lakewood,restaurants,"Denver, CO",(720) 510-8794,,https://order.toasttab.com/online/max-pizza-lakewood-sheridan,"275 S Sheridan Blvd, Lakewood, CO 80226, USA",ChIJQXh8XuaBa4cRbQfRUh_cjSI
Mariscos El Rey 3,restaurants,"Denver, CO",(303) 922-3577,,https://mariscoselreyco.com/rey3/,"6026 W Alameda Ave, Lakewood, CO 80226, USA",ChIJNw1SL5KBa4cR0weeSy2DIsk
La Cocina De Zule,restaurants,"Denver, CO",(720) 309-4966,,https://www.instagram.com/lacocinadzule/,"5690 W Alameda Ave, Lakewood, CO 80226, USA",ChIJIRfj3liBa4cRLeAnNRrb5vc
El Jalisciense,restaurants,"Denver, CO",(720) 328-2667,,,"5400 W Alameda Ave, Lakewood, CO 80226, USA",ChIJK9RAh7-Aa4cRCjbzCP_zGcs
La Vecindad De La Chilanga,restaurants,"Denver, CO",(303) 484-8311,,https://www.lavecindaddelachilanga.com/,"4801 Morrison Rd, Denver, CO 80219, USA",ChIJG79bUNOBa4cRfhOBtcAjvlg
Barbosa's Barbeque & Catering,restaurants,"Denver, CO",(361) 649-0241,,https://www.barbosasbarbeque.com/,"4986 Morrison Rd, Denver, CO 80219, USA",ChIJT6byHt2Ba4cRO6BYSVUDv3k
Tamale Kitchen,restaurants,"Denver, CO",(303) 936-9466,,http://www.thetamalekitchen.com/,"5260 W Mississippi Ave, Lakewood, CO 80226, USA",ChIJRV4I2IyAa4cRP4O3lptbl_Y
Tamales Moreno,restaurants,"Denver, CO",(303) 936-5757,,http://tamalesmorenocolorado.com/,"5301 W Mississippi Ave, Lakewood, CO 80226, USA",ChIJdV8x0_KAa4cRW0HmWTMhSQg
QuikTrip,restaurants,"Denver, CO",(720) 624-4995,,https://locations.quiktrip.com/co/lakewood/5201-w-mississippi-ave?utm_source=gmb&utm_medium=yext&y_source=1_MTA0NDkxNjAyMy03MTUtbG9jYXRpb24ud2Vic2l0ZQ%3D%3D,"5201 W Mississippi Ave, Lakewood, CO 80226, USA",ChIJRe9FWwCBa4cRzDKLU0-l_5c
Hibachi House,restaurants,"Denver, CO",(720) 954-8457,,https://hibachihousedenver.com/,"1355 S Sheridan Blvd, Lakewood, CO 80232, USA",ChIJ6WtMfjGBa4cRsBxYnujwfXE
Tacos Junior,restaurants,"Denver, CO",(303) 975-6335,,https://tacosjunior.shop/,"1280 S Sheridan Blvd, Denver, CO 80232, USA",ChIJNX7Yd4uAa4cRviwswtEMycE
The Taco King,restaurants,"Denver, CO",,,,"5115 Morrison Rd, Denver, CO 80226, USA",ChIJV3T4YwCBa4cRV4yDw_VMm4k
Brockmeyer's,restaurants,"Denver, CO",(303) 935-8935,,https://brockmeyers.com/,"6340 W Mississippi Ave, Lakewood, CO 80226, USA",ChIJJ5wNOtCBa4cRRtbYTJNURKI
The Crawling Crab,restaurants,"Denver, CO",(303) 522-7711,,http://www.thecrawlingcrab.us/,"781 S Federal Blvd, Denver, CO 80219, USA",ChIJz6lHM2F_bIcRF73n0aFAbCI
O Lien Kitchen,restaurants,"Denver, CO",(303) 386-3254,,,"781 S Federal Blvd B, Denver, CO 80219, USA",ChIJx8BuKJV_bIcRtmpSFByOJTc
Sao dem lounge,restaurants,"Denver, CO",(303) 993-7583,,,"555 S Federal Blvd, Denver, CO 80219, USA",ChIJIc6LlS1_bIcRHGyjbLGadX0
Antojitos Salvadoreño Restaurante,restaurants,"Denver, CO",(303) 997-4295,,https://www.antojitossalvadorenoe.com/,"3896 Morrison Rd, Denver, CO 80219, USA",ChIJX2Vfw1eBa4cRjwEvvSDulpM
Phở Hong,restaurants,"Denver, CO",(303) 935-0033,,https://phohong.mightysites.com/,"375 S Federal Blvd #109, Denver, CO 80219, USA",ChIJfdco4vp_bIcRXl4l9SZnXWM
El Coco Pirata,restaurants,"Denver, CO",(303) 934-4133,,https://www.elcocopirata.com/,"3325 W Alameda Ave, Denver, CO 80219, USA",ChIJu5cuXWsUcEARwYPlyNNXFK4
Restaurante La Pily Denver,restaurants,"Denver, CO",(720) 364-0083,,https://www.restaurantelapilydenver.com/,"3500 Morrison Rd, Denver, CO 80219, USA",ChIJbYSq0Qp_bIcRJVcipKGLFxE
Kahlo's Restaurant,restaurants,"Denver, CO",(303) 936-0758,,https://kahlosrestaurant.com/,"3735 Morrison Rd, Denver, CO 80219, USA",ChIJf2SF256Aa4cR-keWVRKXdDg
Los Gallitos Taqueria,restaurants,"Denver, CO",(303) 955-0175,,,"2630 W Alameda Ave, Denver, CO 80219, USA",ChIJea_M82h_bIcRRa3vmgEozpM
Harbor Dim Sum & Cuisine,restaurants,"Denver, CO",(303) 727-9889,,https://www.harbordimsum.com/,"2200 W Alameda Ave #34, Denver, CO 80223, USA",ChIJWzObg-t_bIcRGEzeW6KDTKk
Taqueria La Yaquesita,restaurants,"Denver, CO",(720) 643-7095,,http://ordertaquerialayaquesita.mobile-webview8.com/,"770 S Federal Blvd, Denver, CO 80219, USA",ChIJwTNTRUF_bIcRnlHIPwamPYU
Denver Hot Pot & BBQ - All You Can Eat,restaurants,"Denver, CO",(303) 922-7888,,http://denverhotpot.com/,"2200 W Alameda Ave #38, Denver, CO 80223, USA",ChIJXdiwrYN_bIcRWtHgHxS5ayc
The Empress Seafood Restaurant,restaurants,"Denver, CO",(303) 922-2822,,http://www.theempressrestaurant.com/,"2825 W Alameda Ave #2901, Denver, CO 80219, USA",ChIJB1aZqGd_bIcRmS7O2eYJ8Uc
Asian Cajun Crab Shack & Bar,restaurants,"Denver, CO",(303) 922-0699,,https://theasiancajun-crabshack.com/,"2400 W Alameda Ave, Denver, CO 80223, USA",ChIJN8CzbWl_bIcRM0SLr7o7GVM
La Villa Real,restaurants,"Denver, CO",(720) 810-8303,,,"2787 W Alameda Ave, Denver, CO 80219, USA",ChIJc35WS2t_bIcRryKvogoSPyg
La Calle Taqueria Y Carnitas,restaurants,"Denver, CO",(720) 583-6586,,http://orderlacalletaqueriaycarnitas.com/,"1565 W Alameda Ave, Denver, CO 80223, USA",ChIJG06aPmt_bIcR8Opqt9CLsuQ
BurnDown,restaurants,"Denver, CO",(720) 899-3827,,https://www.burndowndenver.com/,"476 S Broadway, Denver, CO 80209, USA",ChIJRfSU5YJ_bIcRJaVOxRFUQSY
La Taqueria Chilanga Sabor de la CDMX,restaurants,"Denver, CO",(720) 831-0022,,http://lostacosdecdmx.com/,"900 W Alameda Ave, Denver, CO 80223, USA",ChIJkbzMRet_bIcR-tMOQPt_FRU
Aguanile,restaurants,"Denver, CO",,,https://www.instagram.com/aguanile.denver/,"415 S Cherokee St Suite 125, Denver, CO 80223, USA",ChIJYedIGwB_bIcRzkV2W2ykd5o
Roxy on Broadway,restaurants,"Denver, CO",(720) 456-7041,,https://broadwayroxy.com/,"554 S Broadway, Denver, CO 80209, USA",ChIJc2UgBzZ_bIcRuLsBA7up6Wg
Lucile's Creole Café,restaurants,"Denver, CO",(303) 282-6258,,https://www.luciles.com/,"275 S Logan St, Denver, CO 80209, USA",ChIJUzioU-J-bIcRtmc4gWn0AdY
Bruno's Italian Bistro,restaurants,"Denver, CO",(303) 777-3474,,https://www.mybrunos.com/,"560 S Broadway, Denver, CO 80209, USA",ChIJYXt2fI19bIcRd0xtp9v100w
Illegal Pete's - South Broadway (Denver),restaurants,"Denver, CO",(720) 287-5233,,https://www.illegalpetes.com/?olonwp=JjBtp_vMLk25gkYh_bnoiQ,"270 S Broadway, Denver, CO 80209, USA",ChIJp7AixB1_bIcRxfN15A6sRn8
Blue Bonnet Restaurant,restaurants,"Denver, CO",(303) 778-0147,,https://www.bluebonnetrestaurant.com/,"457 S Broadway, Denver, CO 80209, USA",ChIJRUmILh1_bIcRnriZ1RdaJR8
Florence Supper Club,restaurants,"Denver, CO",,,https://florencesupperclub.com/,"375 S Pearl St, Denver, CO 80209, USA",ChIJ3dlgMO1_bIcRXsea-fQ9Bs8
Neon Cowboy,restaurants,"Denver, CO",,,https://www.neoncowboydenver.com/,"300 S Logan St Unit 101, Denver, CO 80209, USA",ChIJHVn460d_bIcRDVGaj9l-HhI
Blackbird Public House,restaurants,"Denver, CO",(303) 733-3923,,https://www.blackbirdpublichouse.com/,"305 S Downing St, Denver, CO 80209, USA",ChIJlTNa9O9-bIcR0bW7p8ZA_nQ
Fortune Nong Jia Le,restaurants,"Denver, CO",(303) 945-4348,,https://www.fortunenongjiale.com/,"500 E Alameda Ave, Denver, CO 80209, USA",ChIJ_ZnORWl_bIcRgBS7yoRYIzY
Restaurant Olivia,restaurants,"Denver, CO",(303) 999-0395,,https://www.oliviadenver.com/,"290 S Downing St, Denver, CO 80209, USA",ChIJhX90ku9-bIcRdBE6VQRav6g
Zaman Mediterranean Fresh,restaurants,"Denver, CO",(720) 930-0243,,https://www.zamanfresh.com/,"282 S Logan St, Denver, CO 80209, USA",ChIJ86GutRp_bIcRnwcyNxvixNA
Fire On The Mountain-Wash Park,restaurants,"Denver, CO",(303) 480-9464,,https://www.fotmdenver.com/,"300 S Logan St #102, Denver, CO 80209, USA",ChIJQTOInK9_bIcRRFECDBsPmkE
Hey Bangkok!,restaurants,"Denver, CO",(303) 777-0559,,https://www.heybangkok.net/,"301 S Pennsylvania St, Denver, CO 80209, USA",ChIJV1rxCON-bIcRAWswEmOXRqo
Sinbad Restaurant,restaurants,"Denver, CO",(720) 708-3167,,https://get.diningtek.com/restaurant/sinbad-middle-eastern-restaurant-central-270-s-downing-st-denver-6454,"270 S Downing St, Denver, CO 80209, USA",ChIJ96lGX6djbIcRF5rxY_saG5Q
Bon Ami,restaurants,"Denver, CO",(303) 862-4959,,http://bonamidenver.com/,"295 S Pennsylvania St, Denver, CO 80209, USA",ChIJOQekK7t_bIcRH9Iip3i_Lsg
Leven Supply,restaurants,"Denver, CO",(720) 893-7540,,https://eatleven.com/supply,"300 E Alameda Ave Unit D, Denver, CO 80209, USA",ChIJRQZHKgB_bIcRn60vObeudm8
Candlelight Tavern,restaurants,"Denver, CO",(303) 778-9530,,http://candlelighttavern.com/,"383 S Pearl St, Denver, CO 80209, USA",ChIJTW6oReN-bIcRm4M6YDz5bGo
Pete's Central One,restaurants,"Denver, CO",(303) 778-6675,,https://www.petesrestaurants.com/central-one,"300 S Pearl St, Denver, CO 80209, USA",ChIJzV69eeN-bIcRf_Ilks--vMk
Ni Tuyo,restaurants,"Denver, CO",(303) 282-8896,,http://www.nituyo.com/,"730 S University Blvd, Denver, CO 80209, USA",ChIJs9ZnOaF_bIcRqgy_8COeSss
Smokin' Barrels,restaurants,"Denver, CO",(605) 270-1800,,,"3773 Cherry Creek N Dr, Denver, CO 80209, USA",ChIJHex-Tip_bIcRR2KNoIog8M4
Flagstone's,restaurants,"Denver, CO",(303) 388-5561,,https://www.hilton.com/en/hotels/dencpdt-doubletree-denver-cherry-creek/,"455 S Colorado Blvd, Denver, CO 80246, USA",ChIJl67Rm4F-bIcRIMGNffIwjbk
Noodles Express Inc,restaurants,"Denver, CO",(303) 736-8818,,https://qmenu.us/#/noodles-express-inc-denver,"703 S Colorado Blvd, Denver, CO 80246, USA",ChIJYzIhVG9_bIcRYirGjZXEF5c
Hana Matsuri Omakase Glendale,restaurants,"Denver, CO",(303) 600-8477,,https://www.hanamatsuridenver.com/,"658 S Colorado Blvd, Glendale, CO 80246, USA",ChIJka5SA7x9bIcRCy8uGDBMpzg
Shotgun Willie's,restaurants,"Denver, CO",(303) 388-9601,,https://www.shotgun-willies.com/,"490 S Colorado Blvd, Glendale, CO 80246, USA",ChIJlSsbv4F-bIcRp99Qm-yj97Q
Scarlett's Cabaret Denver,restaurants,"Denver, CO",(303) 322-1717,,https://scarlettsdenver.com/,"4451 E Virginia Ave, Denver, CO 80246, USA",ChIJR4fFryt8bIcRCdYL7cWaaA4
Bull & Bush Brewery,restaurants,"Denver, CO",(303) 759-0333,,https://bullandbush.com/,"4700 Cherry Creek S Dr, Denver, CO 80246, USA",ChIJy0fuetN9bIcRfTivsjBIIPw
Mariscos El Charco,restaurants,"Denver, CO",(303) 484-8552,,,"4978 Leetsdale Dr, Glendale, CO 80246, USA",ChIJrYO1g5B9bIcRgkZbVuya8gU
Sam's No. 3 Glendale,restaurants,"Denver, CO",(303) 333-4403,,https://samsno3.com/,"435 S Cherry St, Glendale, CO 80246, USA",ChIJMzL8jSt8bIcR9fL_V33ghOE
CitySet Cherry Creek,restaurants,"Denver, CO",(303) 753-1300,,https://citysetcherrycreek.com/,"600 S Colorado Blvd, Glendale, CO 80246, USA",ChIJa_fxHoB-bIcR0lna_TXMtAI
Bodega Taco & Margarita Bar,restaurants,"Denver, CO",(303) 993-8626,,,"652 S Colorado Blvd, Glendale, CO 80246, USA",ChIJibh2Uld_bIcRROytYzY2DXo
Inga's Alpine Tavern,restaurants,"Denver, CO",,,http://ingasalpinetavern.net/,"5151 Leetsdale Dr, Denver, CO 80246, USA",ChIJz34rgS18bIcREYpi_TFHZPY
CUBA CUBA Glendale,restaurants,"Denver, CO",(303) 758-1167,,http://cubacubarestaurants.com/,"654 S Colorado Blvd, Glendale, CO 80246, USA",ChIJHxBubIB-bIcR8O51JHGWEO4
Chili's Grill & Bar,restaurants,"Denver, CO",(303) 757-5550,,https://www.chilis.com/locations/us/colorado/glendale/glendale?utm_source=google&utm_medium=local&utm_campaign=Chilis,"790 S Colorado Blvd, Glendale, CO 80246, USA",ChIJYRp5vX9-bIcR04tNsiW_eN4
El Potrero Night Club,restaurants,"Denver, CO",(303) 388-8889,,http://elpotreronightclub.com/,"4501 E Virginia Ave, Glendale, CO 80246, USA",ChIJOTCbvSt8bIcR5nTy1WbfT7s
Las Tortas,restaurants,"Denver, CO",(720) 379-7269,,http://www.lastortasendenver.com/,"682 S Colorado Blvd, Glendale, CO 80246, USA",ChIJV1HI8jJ8bIcRBLrKhama0PE
Bella italia,restaurants,"Denver, CO",(303) 388-3211,,http://bellaitaliadenver.com/,"5075 Leetsdale Dr, Denver, CO 80246, USA",ChIJuZ1y5t59bIcRBKBld8yilwo
Native Foods,restaurants,"Denver, CO",(303) 758-3440,,https://www.nativefoods.com/glendale,"680 S Colorado Blvd, Glendale, CO 80246, USA",ChIJZ5uME_bAwoARgIzBHY6Xwvc
Garbanzo,restaurants,"Denver, CO",(303) 757-5900,,https://restaurants.eatgarbanzo.com/co/glendale/630-s-colorado-blvd/?utm_source=google&utm_medium=organic&utm_campaign=gmb,"630 S Colorado Blvd, Glendale, CO 80246, USA",ChIJE1o0GYB-bIcR4QdDgw7MYiA
Smashburger,restaurants,"Denver, CO",(303) 757-4301,,https://smashburger.com/locations/us/co/glendale/1120-s-colorado-blvd?utm_medium=organic&utm_source=local&utm_campaign=googlelistings&utm_content=website&utm_term=1002,"1120 S Colorado Blvd, Glendale, CO 80246, USA",ChIJQeOwXXh-bIcR45FLAX82SWw
Frutta Bowls,restaurants,"Denver, CO",(303) 757-5900,,https://restaurants.fruttabowls.com/co/glendale/630-s-colorado-blvd/,"630 S Colorado Blvd, Glendale, CO 80246, USA",ChIJLcjQQDR_bIcRwRzU4-mIRQ0
Osaka Sushi,restaurants,"Denver, CO",(303) 698-9919,,http://osakasushi1.com/,"3940 E Exposition Ave, Denver, CO 80209, USA",ChIJCSTMnYB-bIcRxQhOWnTV3G0
Flavor of Tabasco Food Truck,restaurants,"Denver, CO",(303) 709-1575,,https://flavoroftabasco.com/menu,"Denver, CO 80246, USA",ChIJJ-dnYQB9bIcRuNRA0GZAfmo
Morning Story - Denver,restaurants,"Denver, CO",(303) 577-9050,,https://www.morningstoryrestaurant.com/,"560 S Holly St, Denver, CO 80246, USA",ChIJKTBUtjd9bIcRN5KidoYB3sA
Mr. Taco,restaurants,"Denver, CO",(720) 510-1842,,https://mrtacocolorado.com/,"6230 Leetsdale Dr, Denver, CO 80224, USA",ChIJR-_TZW99bIcRkTxTN9GB99I
Zaidy's Deli & Bakery,restaurants,"Denver, CO",(303) 333-5336,,http://www.zaidysdeli.com/,"600 S Holly St #114, Denver, CO 80246, USA",ChIJM3L9yeB9bIcRvKkHOnWzUto
MrBeast Burger,restaurants,"Denver, CO",(877) 232-7898,,https://www.mrbeastburger.com/?utm_source=Yext&utm_medium=Yext&utm_campaign=1051112241,"5151 Leetsdale Dr, Glendale, CO 80246, USA",ChIJRVhF9HZ9bIcRZs0Gx3jRoIw
Man vs Fries,restaurants,"Denver, CO",(888) 416-7964,,http://www.manvsfries.com/,"5151 Leetsdale Dr, Glendale, CO 80246, USA",ChIJSzIUKCF9bIcRkgKKqz_TZuQ
Tasty Thai (Leetsdale),restaurants,"Denver, CO",(303) 953-9254,,https://www.tastythaiglendale.com/,"6220 Leetsdale Dr, Denver, CO 80224, USA",ChIJYawIQkB9bIcReh7CsCWgGo0
carnitas y tacos el zeta,restaurants,"Denver, CO",,,,"556 S Jersey St, Denver, CO 80224, USA",ChIJXxjbEwB9bIcRqO9eF2nDt9U
Taco Mateo,restaurants,"Denver, CO",,,,"Denver, CO 80246, USA",ChIJjSw9YAB9bIcRGrwrPIoB-aU
The wing spot,restaurants,"Denver, CO",(720) 995-0494,,https://thewingspot55.com/,"800 S Monaco St Pkwy, Denver, CO 80224, USA",ChIJl1vmlcd9bIcRwinW7VzVjO0
Istanbul Café and Bakery,restaurants,"Denver, CO",(720) 536-5455,,http://istanbulcafebakery.com/,"850 S Monaco St Pkwy #9, Denver, CO 80224, USA",ChIJxZTFIpF9bIcRfsqNLWvNnkc
Mama Africa Cafe Restaurant and Bar,restaurants,"Denver, CO",(720) 328-2471,,https://www.mamaafricacafe.com/,"6603 Leetsdale Dr F, Denver, CO 80224, USA",ChIJBbfLQot9bIcR-2RkTsadvN0
Brothers BBQ,restaurants,"Denver, CO",(303) 322-3289,,https://brothers-bbq.com/bbq-near-me/monaco-and-leetsdale/,"6499 Leetsdale Dr #1, Denver, CO 80224, USA",ChIJhYUcz7V9bIcREfeCpL-AfHM
Banzai Sushi,restaurants,"Denver, CO",(303) 329-3366,,http://100rolls.com/,"6655 Leetsdale Dr, Denver, CO 80224, USA",ChIJwX7wv7Z9bIcRAF32UhLEkj8
Cucina Bella,restaurants,"Denver, CO",(720) 550-8957,,https://www.cucinabelladenver.com/,"9660 E Alameda Ave #104, Denver, CO 80247, USA",ChIJI4Y-_Ut9bIcRvzcY-D_aQ3k
El Gran Jardin Restaurant,restaurants,"Denver, CO",(720) 542-8498,,https://www.windsorgardensdenver.org/page/15778~185673/emerald-grill-at-windsor-gardens-denver-a-restaurant-overlooking-emerald-greens-golf-course,"597 S Clinton St, Denver, CO 80247, USA",ChIJTW8gA6x9bIcRq2N2c969rac
Mile High Hibachi Express,restaurants,"Denver, CO",,,http://milehighhibachi.com/,"901 S Havana St, Aurora, CO 80012, USA",ChIJSa_lsIF9bIcRsBRkcdxFVpo
Dozens - Fat Boy's Bar & Grill,restaurants,"Denver, CO",(303) 344-1905,,http://fatboysportsbarandgrill.com/,"10660 E Alameda Ave, Aurora, CO 80012, USA",ChIJ23_sPCF9bIcRDxRZR35sik4
Orejano Restaurant,restaurants,"Denver, CO",(303) 362-0600,,http://orejanoco.com/,"800 S Havana St, Aurora, CO 80012, USA",ChIJhWhZnuN9bIcRePyTCvQicHU
Megenagna,restaurants,"Denver, CO",(720) 532-0266,,https://megenagnaethiopianrestaurant.com/,"306 S Ironton St Unit C, Aurora, CO 80012, USA",ChIJF9yqOiF9bIcRjHB1FzoEnKA
Takero Mucho,restaurants,"Denver, CO",(303) 758-8888,,,"12028 E Mississippi Ave, Aurora, CO 80012, USA",ChIJq6r1gEp9bIcR7qVvlqsWfag
ASADERO OMAR LLC,restaurants,"Denver, CO",(720) 934-1631,,http://www.asaderoomar.com/,"10797 E Mississippi Ave, Aurora, CO 80012, USA",ChIJ08-0dQB9bIcR3sto2TNENDE
Real Thai Mile High,restaurants,"Denver, CO",(303) 975-6417,,https://www.realthaimilehighaurora.com/,"12201 E Mississippi Ave #109, Aurora, CO 80012, USA",ChIJEcENOTV9bIcRsO5mOg82IwA
Hamburger Stand,restaurants,"Denver, CO",(303) 344-1306,,https://www.hamburgerstand.com/location/south-havana-east-kentucky-aurora-938-south-havana-st-co-80012/?utm_source=google&utm_medium=profiles&utm_campaign=local_profiles,"938 S Havana St, Aurora, CO 80012, USA",ChIJfbDvMDx9bIcRWVDj0Hxgyjo
Freddy's Frozen Custard & Steakburgers,restaurants,"Denver, CO",(303) 368-8331,,https://www.freddys.com/location/aurora-co?utm_source=gbp&utm_medium=organic,"1103 S Iola St, Aurora, CO 80012, USA",ChIJHwBQmT59bIcRQP-y4LqjtYg
Aki Asian Hotpot Restaurant,restaurants,"Denver, CO",(720) 638-3193,,https://akiasianhotpotauroraco.kwickmenu.com/,"12303 E Mississippi Ave #125, Aurora, CO 80012, USA",ChIJvds2OjV9bIcRN700VvonpJY
King Buffet,restaurants,"Denver, CO",(720) 541-6448,,https://www.kingbuffetaurora.com/,"13680 E Alameda Ave, Aurora, CO 80012, USA",ChIJk4NiOwBjbIcRe9cj0rrV_Gg
Venezuelan Steak House,restaurants,"Denver, CO",(720) 681-3006,,https://venezuelansteakhouse.com/,"Aurora, CO 80012, USA",ChIJoa9MMgBjbIcRWqfg6CvOr7k
Scooters Sports Bar & Grill,restaurants,"Denver, CO",(303) 366-0019,,http://www.scooterssportsbarandgrill.com/,"13698 E Alameda Ave, Aurora, CO 80012, USA",ChIJn4D_gdtibIcRSXtZcNixfJ0
Addie's Addiction,restaurants,"Denver, CO",(303) 399-4702,,https://www.addiesglutenfreeaddiction.com/,"443 S Vaughn Way, Aurora, CO 80012, USA",ChIJgXPSMFRjbIcROhW0lA9vPhE
Izote kitchen,restaurants,"Denver, CO",(720) 910-1952,,http://izote-kitchen.square.site/,"14200 E Alameda Ave #1024, Aurora, CO 80012, USA",ChIJR8jgoFpjbIcR9xD6wTI9-Bo
Aurora Eatery,restaurants,"Denver, CO",,,http://auroraeatery.com/,"14200 E Alameda Ave #1039B, Aurora, CO 80012, USA",ChIJ3UYCUSxjbIcRJ3MmmDXS85M
Chili's Grill & Bar,restaurants,"Denver, CO",(720) 859-1192,,https://www.chilis.com/locations?utm_source=google&utm_medium=local&utm_campaign=Chilis,"265 S Abilene St, Aurora, CO 80012, USA",ChIJTWZ3sN1ibIcRdDC8r3m2U2k
CloudKitchens - Aurora,restaurants,"Denver, CO",(213) 329-4100,,https://cloudkitchens.com/locations/denver/aurora/?utm_source=gmb&utm_medium=organic&utm_content=AuroraEatery,"14200 E Alameda Ave, Aurora, CO 80012, USA",ChIJeTPRL_djbIcRRN5VqUDSlOE
Helga's Haus & Bier Garden: German Restaurant & Bier Garden & Deli,restaurants,"Denver, CO",(303) 344-5488,,https://www.helgashaus.com/,"14197 E Exposition Ave, Aurora, CO 80012, USA",ChIJ4VAQi8FibIcR1DBS92AZ-0Y
Cruncheese,restaurants,"Denver, CO",,,,"2055 Aurora Mall, Aurora, CO 80012, USA",ChIJM2udnftjbIcRz3ZL8ZiuUi4
Momo Dumplings,restaurants,"Denver, CO",(720) 256-5377,,https://momo-dumplings.com/,"Entrance C, 14200 E Alameda Ave #1039B, Aurora, CO 80012, USA",ChIJr7dH7RJjbIcRea6xPKyT4nA
Kelly's Cajun Grill,restaurants,"Denver, CO",,,,"14200 E Alameda Ave, Aurora, CO 80012, USA",ChIJQeRccFpjbIcRWqE61y8PuJw
Syed's Kitchen,restaurants,"Denver, CO",(773) 742-6492,,,"Entrance-C, 14200 E Alameda Ave Aurora Eatery, Aurora, CO 80012, USA",ChIJRx-OUcZjbIcR984KcFG3VDE
Loaded fry emporium,restaurants,"Denver, CO",,,http://www.loadedfryemporium.com/,"14200 e ALAMEDA ave Entrance C aurora eatery, Aurora, CO 80012, USA",ChIJG6uHg_tjbIcRr8xbisZ6ZvQ
Q'Rico Cravings,restaurants,"Denver, CO",(303) 955-1812,,,"14200 E Alameda Ave #2015-D, Aurora, CO 80012, USA",ChIJu2lC3cJibIcRocSGTL50UMc
Cinemark Century Aurora and XD,restaurants,"Denver, CO",(303) 363-0300,,https://www.cinemark.com/theatres/co-aurora/cinemark-century-aurora-and-xd?utm_medium=organic&utm_source=gmb&utm_campaign=local_listing_theater&utm_content=GMB_listing&y_source=1_MTc0OTI5OTEtNzE1LWxvY2F0aW9uLndlYnNpdGU%3D,"14300 E Alameda Ave, Aurora, CO 80012, USA",ChIJE1hjjudibIcRuA6MuEKe3TY
Fazoli's,restaurants,"Denver, CO",(303) 745-6336,,https://fazolis.com/stores/co-aurora-1012-s-abilene-st-80012/?utm_source=yext+GMB&utm_medium=local&utm_campaign=website&y_source=1_MzExNjkzOS03MTUtbG9jYXRpb24ud2Vic2l0ZQ%3D%3D,"1012 S Abilene St, Aurora, CO 80012, USA",ChIJEXXapsBibIcRgCyQt_zW42A
Takiando,restaurants,"Denver, CO",(720) 829-9951,,,"13801 E Mississippi Ave, Aurora, CO 80012, USA",ChIJn11mGwljbIcRn26OvP-sl5k
Blackjack Pizza & Salads,restaurants,"Denver, CO",(303) 343-8900,,http://blackjackpizza.com/location/aurora-alameda/,"13696 E Alameda Ave, Aurora, CO 80012, USA",ChIJk1qrbttibIcRTh_1uBjg7x8
Waffle House,restaurants,"Denver, CO",(303) 696-1566,,https://locations.wafflehouse.com/aurora-co-1566,"12880 E Mississippi Ave, Aurora, CO 80012, USA",ChIJ_VNqErZibIcRaDXO9xAYb9g
Taqueria Los Gordos,restaurants,"Denver, CO",(303) 750-0502,,http://losgordosonline.com/,"1034 S Sable Blvd, Aurora, CO 80012, USA",ChIJ0aqZApVibIcR-DXwtCrlLxs
Le Creme Macaron,restaurants,"Denver, CO",(720) 220-8583,,,"14200 E Alameda Ave, Aurora, CO 80012, USA",ChIJI_McjXljbIcRjF7rhLutAXs
Rancho Alegre,restaurants,"Denver, CO",(720) 748-2571,,https://ranchoalegreaurora.com/,"420 S Chambers Rd, Aurora, CO 80017, USA",ChIJ6WLP0fFibIcRqt-7-SnndH4
NGL,restaurants,"Denver, CO",(303) 752-2521,,,"382s S Chambers Rd, Aurora, CO 80017, USA",ChIJ5RO4_BpjbIcRzXYORS84NOE
Hungry Bear Fish and Chips Co,restaurants,"Denver, CO",,,https://order.online/business/hungry-bear-fish-and-chips-co-12678386,"14200 E Alameda Ave, Aurora, CO 80012, USA",ChIJfZWgdGNjbIcRMZGC_r5vOgE
Woody's Wings n' Bar,restaurants,"Denver, CO",(303) 696-7227,,https://woodyswingsco.com/,"700 S Buckley Rd G, Aurora, CO 80017, USA",ChIJT1Zs5XhibIcRT-lzNj7WGnM
Taste of Philly,restaurants,"Denver, CO",(303) 942-0664,,https://www.tasteofphilly.biz/locations/north-aurora/,"700 S Buckley Rd A, Aurora, CO 80017, USA",ChIJ9WPVROFjbIcRzAl1nC1fXGo
Popeyes Louisiana Kitchen,restaurants,"Denver, CO",(720) 504-7862,,https://www.popeyes.com/store-locator/store/restaurant_242471,"500 S Airport Blvd, Aurora, CO 80017, USA",ChIJaVgMFQBjbIcR8lTLZReIgiQ
Saigon Tokyo,restaurants,"Denver, CO",(303) 671-8888,,http://www.saigontokyo.net/,"700 S Buckley Rd, Aurora, CO 80017, USA",ChIJLfqHgV1ibIcRS-_cqEeSleA
7-Eleven,restaurants,"Denver, CO",(720) 327-9106,,https://www.7-eleven.com/locations/co/aurora/599-s-airport-blvd-38390?utm_source=G&utm_medium=local&utm_campaign=google-local,"599 S Airport Blvd, Aurora, CO 80017, USA",ChIJGXW_v-xjbIcR_rzS561_Qys
